record_id,date,year,month,city,state,country,latitude,longitude,temperature,humidity,rainfall,wind_speed,pressure,weather_condition,disaster_type,disaster_risk_level,river_level,soil_moisture,alert_status,response_action
REC_1000,2024-11-03,2024,11,Rio de Janeiro,Rio de Janeiro,Brazil,-22.9068,-43.1729,8.2,11,171.4,49.3,987,Fog,None,Low,5.2,92,Normal,No Action
REC_1001,2023-04-19,2023,4,Rio de Janeiro,Rio de Janeiro,Brazil,-22.9068,-43.1729,44.2,63,189.4,0.0,1037,Clear,Heatwave,Critical,3.7,39,Emergency,Evacuation Support
REC_1002,2024-05-10,2024,5,Los Angeles,California,USA,34.0522,-118.2437,-2.4,15,10.5,29.2,1028,Thunderstorm,Storm,Critical,2.8,42,Emergency,Evacuation Support
REC_1003,2024-10-29,2024,10,Singapore,Singapore,Singapore,1.3521,103.8198,4.3,55,127.9,17.3,975,Thunderstorm,Landslide,High,6.3,71,Warning,Alert Public
REC_1004,2024-05-01,2024,5,Cape Town,Western Cape,South Africa,-33.9249,18.4241,15.6,21,19.8,7.7,1041,Cloudy,None,Low,5.5,80,Normal,No Action
REC_1005,2024-08-12,2024,8,Cape Town,Western Cape,South Africa,-33.9249,18.4241,29.8,49,105.9,40.8,961,Fog,Landslide,Medium,7.0,76,Watch,Monitor
REC_1006,2024-08-25,2024,8,New York,New York,USA,40.7128,-74.006,-4.0,85,14.7,97.5,967,Rain,Storm,Medium,0.6,40,Watch,Monitor
REC_1007,2024-03-12,2024,3,Rio de Janeiro,Rio de Janeiro,Brazil,-22.9068,-43.1729,24.5,20,191.7,3.0,1045,Fog,Landslide,High,1.5,71,Warning,Alert Public
REC_1008,2024-09-28,2024,9,Cairo,Cairo,Egypt,30.0444,31.2357,-6.8,34,170.4,48.5,968,Thunderstorm,Flood,Medium,8.6,50,Watch,Monitor
REC_1009,2024-07-17,2024,7,Cairo,Cairo,Egypt,30.0444,31.2357,20.4,56,142.9,10.6,1012,Clear,Heatwave,Medium,7.6,90,Watch,Monitor
REC_1010,2023-09-23,2023,9,Cairo,Cairo,Egypt,30.0444,31.2357,6.8,77,164.4,116.7,1044,Rain,Storm,Medium,8.0,11,Watch,Monitor
REC_1011,2024-01-18,2024,1,Paris,Ile-de-France,France,48.8566,2.3522,6.1,38,110.5,74.4,1019,Cloudy,Landslide,Critical,2.6,58,Emergency,Evacuation Support
REC_1012,2024-05-12,2024,5,Singapore,Singapore,Singapore,1.3521,103.8198,1.1,95,76.3,46.5,999,Fog,Landslide,Critical,8.4,49,Emergency,Evacuation Support
REC_1013,2023-02-16,2023,2,Cairo,Cairo,Egypt,30.0444,31.2357,14.7,89,70.5,62.3,1050,Fog,None,Low,2.4,45,Normal,No Action
REC_1014,2023-03-12,2023,3,Moscow,Moscow,Russia,55.7558,37.6173,5.3,67,139.8,94.8,983,Rain,Storm,Medium,5.8,7,Watch,Monitor
REC_1015,2024-05-06,2024,5,Cairo,Cairo,Egypt,30.0444,31.2357,34.2,81,45.3,39.5,1011,Clear,None,Low,3.7,40,Normal,No Action
REC_1016,2024-02-07,2024,2,Mumbai,Maharashtra,India,19.076,72.8777,42.6,90,37.8,86.5,958,Clear,Heatwave,Critical,3.5,65,Emergency,Evacuation Support
REC_1017,2024-10-01,2024,10,Cape Town,Western Cape,South Africa,-33.9249,18.4241,22.1,97,181.7,66.1,1009,Fog,None,Low,4.8,24,Normal,No Action
REC_1018,2023-05-29,2023,5,New York,New York,USA,40.7128,-74.006,3.5,54,32.6,68.2,979,Snow,None,Low,3.3,85,Normal,No Action
REC_1019,2023-06-17,2023,6,Cairo,Cairo,Egypt,30.0444,31.2357,42.5,16,79.5,78.8,952,Rain,None,Low,7.5,19,Normal,No Action
REC_1020,2024-04-15,2024,4,Los Angeles,California,USA,34.0522,-118.2437,24.9,73,93.4,83.5,963,Thunderstorm,Storm,Critical,7.1,30,Emergency,Evacuation Support
REC_1021,2024-01-07,2024,1,Moscow,Moscow,Russia,55.7558,37.6173,23.3,95,24.7,93.9,1044,Rain,Storm,Critical,7.7,42,Emergency,Evacuation Support
REC_1022,2023-01-25,2023,1,Cairo,Cairo,Egypt,30.0444,31.2357,28.6,80,99.2,84.9,1036,Rain,Cyclone,High,0.7,48,Warning,Alert Public
REC_1023,2024-05-31,2024,5,London,England,UK,51.5074,-0.1278,33.6,54,135.1,102.3,1005,Thunderstorm,Flood,Medium,9.2,18,Watch,Monitor
REC_1024,2023-05-11,2023,5,Toronto,Ontario,Canada,43.651,-79.347,40.2,68,61.7,20.5,993,Clear,Heatwave,Medium,7.5,84,Watch,Monitor
REC_1025,2024-05-25,2024,5,Moscow,Moscow,Russia,55.7558,37.6173,5.3,86,147.5,7.8,955,Thunderstorm,Landslide,High,3.9,24,Warning,Alert Public
REC_1026,2024-11-18,2024,11,London,England,UK,51.5074,-0.1278,34.1,63,33.0,3.1,987,Rain,None,Low,9.2,67,Normal,No Action
REC_1027,2023-08-23,2023,8,Tokyo,Tokyo,Japan,35.6762,139.6503,20.3,68,52.2,90.0,1006,Rain,Storm,Medium,7.7,63,Watch,Monitor
REC_1028,2024-05-18,2024,5,Cape Town,Western Cape,South Africa,-33.9249,18.4241,29.4,81,99.5,34.9,1003,Cloudy,None,Low,7.8,37,Normal,No Action
REC_1029,2024-01-25,2024,1,Rio de Janeiro,Rio de Janeiro,Brazil,-22.9068,-43.1729,5.5,38,153.3,37.5,1003,Rain,Flood,Critical,9.3,15,Emergency,Evacuation Support
REC_1030,2023-05-31,2023,5,New York,New York,USA,40.7128,-74.006,36.2,98,198.2,104.0,1027,Thunderstorm,Storm,Medium,6.5,55,Watch,Monitor
REC_1031,2023-11-21,2023,11,Sydney,NSW,Australia,-33.8688,151.2093,36.0,85,21.6,51.2,1007,Clear,Drought,Medium,1.6,44,Watch,Monitor
REC_1032,2024-01-17,2024,1,Rio de Janeiro,Rio de Janeiro,Brazil,-22.9068,-43.1729,24.2,92,56.0,47.2,1024,Rain,Landslide,High,4.4,86,Warning,Alert Public
REC_1033,2023-06-20,2023,6,Toronto,Ontario,Canada,43.651,-79.347,3.4,22,100.7,89.9,1049,Thunderstorm,Storm,High,2.4,77,Warning,Alert Public
REC_1034,2024-03-25,2024,3,Sydney,NSW,Australia,-33.8688,151.2093,27.6,31,43.0,70.9,964,Clear,Heatwave,Medium,0.7,57,Watch,Monitor
REC_1035,2024-08-03,2024,8,Cairo,Cairo,Egypt,30.0444,31.2357,-3.0,21,43.4,81.2,990,Thunderstorm,Storm,High,7.0,21,Warning,Alert Public
REC_1036,2023-02-16,2023,2,Dubai,Dubai,UAE,25.2048,55.2708,18.9,88,146.8,106.7,950,Rain,Storm,High,2.8,80,Warning,Alert Public
REC_1037,2024-12-27,2024,12,Mumbai,Maharashtra,India,19.076,72.8777,15.5,83,18.8,10.1,1015,Clear,Drought,Critical,3.0,80,Emergency,Evacuation Support
REC_1038,2023-04-09,2023,4,Rio de Janeiro,Rio de Janeiro,Brazil,-22.9068,-43.1729,38.5,19,191.4,26.0,1023,Fog,None,Low,6.2,39,Normal,No Action
REC_1039,2024-04-20,2024,4,Rio de Janeiro,Rio de Janeiro,Brazil,-22.9068,-43.1729,29.0,37,31.5,41.9,1039,Thunderstorm,None,Low,1.1,72,Normal,No Action
REC_1040,2024-02-06,2024,2,Cape Town,Western Cape,South Africa,-33.9249,18.4241,42.0,86,148.6,119.8,973,Clear,Heatwave,High,5.4,93,Warning,Alert Public
REC_1041,2023-11-11,2023,11,Paris,Ile-de-France,France,48.8566,2.3522,37.7,44,173.4,91.8,1044,Rain,Flood,High,8.8,79,Warning,Alert Public
REC_1042,2023-02-04,2023,2,Dubai,Dubai,UAE,25.2048,55.2708,21.7,92,159.7,83.6,998,Rain,Storm,Critical,5.2,92,Emergency,Evacuation Support
REC_1043,2024-12-12,2024,12,Los Angeles,California,USA,34.0522,-118.2437,42.9,90,46.6,25.2,981,Clear,Heatwave,Critical,8.7,74,Emergency,Evacuation Support
REC_1044,2024-11-30,2024,11,Sydney,NSW,Australia,-33.8688,151.2093,38.4,31,34.9,87.4,957,Thunderstorm,Storm,Medium,3.9,63,Watch,Monitor
REC_1045,2024-12-26,2024,12,Singapore,Singapore,Singapore,1.3521,103.8198,8.1,21,60.9,106.5,1010,Thunderstorm,Storm,Critical,1.5,47,Emergency,Evacuation Support
REC_1046,2024-06-06,2024,6,Beijing,Beijing,China,39.9042,116.4074,43.5,41,74.9,1.4,974,Thunderstorm,Landslide,Critical,2.9,17,Emergency,Evacuation Support
REC_1047,2023-09-24,2023,9,Beijing,Beijing,China,39.9042,116.4074,1.8,72,51.1,88.0,976,Thunderstorm,Cyclone,High,0.8,94,Warning,Alert Public
REC_1048,2023-03-04,2023,3,Paris,Ile-de-France,France,48.8566,2.3522,12.6,99,41.5,38.5,1007,Clear,None,Low,8.7,90,Normal,No Action
REC_1049,2023-08-15,2023,8,Beijing,Beijing,China,39.9042,116.4074,19.1,12,76.1,115.0,972,Rain,Cyclone,Medium,9.0,44,Watch,Monitor
REC_1050,2023-03-27,2023,3,Los Angeles,California,USA,34.0522,-118.2437,15.8,11,151.6,28.6,1026,Fog,None,Low,1.1,34,Normal,No Action
REC_1051,2023-10-12,2023,10,Rio de Janeiro,Rio de Janeiro,Brazil,-22.9068,-43.1729,38.9,41,64.8,7.9,1041,Thunderstorm,Cyclone,High,2.4,5,Warning,Alert Public
REC_1052,2024-05-19,2024,5,Singapore,Singapore,Singapore,1.3521,103.8198,3.7,47,68.9,45.3,986,Cloudy,Landslide,Critical,1.5,49,Emergency,Evacuation Support
REC_1053,2023-03-29,2023,3,Cairo,Cairo,Egypt,30.0444,31.2357,39.9,93,49.3,21.4,1035,Clear,Heatwave,High,2.1,52,Warning,Alert Public
REC_1054,2023-03-08,2023,3,Moscow,Moscow,Russia,55.7558,37.6173,-3.0,79,157.8,65.9,1003,Thunderstorm,Flood,Critical,9.8,44,Emergency,Evacuation Support
REC_1055,2024-06-19,2024,6,Paris,Ile-de-France,France,48.8566,2.3522,41.7,69,189.7,50.6,1002,Clear,Heatwave,Critical,3.1,70,Emergency,Evacuation Support
REC_1056,2023-01-06,2023,1,London,England,UK,51.5074,-0.1278,31.9,37,190.4,95.3,1021,Thunderstorm,Flood,Medium,8.4,44,Watch,Monitor
REC_1057,2023-09-10,2023,9,Beijing,Beijing,China,39.9042,116.4074,43.6,63,31.3,111.7,992,Clear,Heatwave,High,9.6,93,Warning,Alert Public
REC_1058,2023-09-24,2023,9,New York,New York,USA,40.7128,-74.006,27.8,58,191.2,80.9,990,Thunderstorm,Storm,High,6.6,45,Warning,Alert Public
REC_1059,2024-04-14,2024,4,New York,New York,USA,40.7128,-74.006,-7.1,95,49.3,33.3,980,Rain,None,Low,9.9,13,Normal,No Action
REC_1060,2023-09-21,2023,9,Cairo,Cairo,Egypt,30.0444,31.2357,5.8,41,15.0,33.2,984,Clear,None,Low,5.7,58,Normal,No Action
REC_1061,2024-09-30,2024,9,Rio de Janeiro,Rio de Janeiro,Brazil,-22.9068,-43.1729,15.7,32,49.8,91.1,1039,Rain,Cyclone,Critical,4.5,46,Emergency,Evacuation Support
REC_1062,2024-01-31,2024,1,Rio de Janeiro,Rio de Janeiro,Brazil,-22.9068,-43.1729,-2.5,12,151.4,4.6,951,Cloudy,None,Low,2.9,77,Normal,No Action
REC_1063,2024-01-15,2024,1,Sydney,NSW,Australia,-33.8688,151.2093,30.5,55,181.9,30.7,1024,Rain,Flood,Medium,9.6,91,Watch,Monitor
REC_1064,2024-06-09,2024,6,New York,New York,USA,40.7128,-74.006,9.7,47,182.7,85.0,997,Rain,Storm,Medium,1.9,87,Watch,Monitor
REC_1065,2024-03-10,2024,3,Cape Town,Western Cape,South Africa,-33.9249,18.4241,32.4,18,183.9,60.6,1005,Clear,Drought,High,1.9,51,Warning,Alert Public
REC_1066,2023-01-21,2023,1,Los Angeles,California,USA,34.0522,-118.2437,3.6,84,156.6,9.8,965,Rain,Cyclone,Medium,3.9,54,Watch,Monitor
REC_1067,2023-01-12,2023,1,London,England,UK,51.5074,-0.1278,-4.7,27,11.1,15.7,987,Rain,Storm,High,6.8,11,Warning,Alert Public
REC_1068,2024-07-23,2024,7,Toronto,Ontario,Canada,43.651,-79.347,42.4,63,9.1,45.3,1010,Clear,Heatwave,High,5.8,67,Warning,Alert Public
REC_1069,2024-04-02,2024,4,Moscow,Moscow,Russia,55.7558,37.6173,9.5,38,48.9,119.2,962,Rain,Storm,Medium,5.1,66,Watch,Monitor
REC_1070,2023-11-06,2023,11,Rio de Janeiro,Rio de Janeiro,Brazil,-22.9068,-43.1729,-8.7,43,194.9,55.0,1028,Clear,None,Low,2.0,67,Normal,No Action
REC_1071,2023-05-21,2023,5,London,England,UK,51.5074,-0.1278,10.2,28,4.0,9.8,985,Thunderstorm,Flood,High,5.8,79,Warning,Alert Public
REC_1072,2023-01-11,2023,1,Toronto,Ontario,Canada,43.651,-79.347,17.7,28,108.9,79.7,1021,Thunderstorm,Flood,Critical,8.9,32,Emergency,Evacuation Support
REC_1073,2023-02-22,2023,2,Sydney,NSW,Australia,-33.8688,151.2093,-1.2,51,150.9,18.4,1034,Snow,Landslide,High,4.5,64,Warning,Alert Public
REC_1074,2023-05-09,2023,5,Los Angeles,California,USA,34.0522,-118.2437,41.6,17,71.0,59.2,1017,Fog,None,Low,5.6,21,Normal,No Action
REC_1075,2023-04-06,2023,4,Singapore,Singapore,Singapore,1.3521,103.8198,-4.2,30,9.7,98.9,1035,Rain,Storm,Critical,5.9,82,Emergency,Evacuation Support
REC_1076,2023-08-07,2023,8,Cairo,Cairo,Egypt,30.0444,31.2357,33.8,60,113.3,28.2,982,Fog,Landslide,Critical,0.6,49,Emergency,Evacuation Support
REC_1077,2024-10-01,2024,10,Sydney,NSW,Australia,-33.8688,151.2093,-7.3,70,194.0,7.8,1024,Rain,None,Low,3.0,43,Normal,No Action
REC_1078,2024-07-17,2024,7,Singapore,Singapore,Singapore,1.3521,103.8198,19.3,41,161.9,37.0,958,Rain,None,Low,1.2,23,Normal,No Action
REC_1079,2023-10-24,2023,10,Dubai,Dubai,UAE,25.2048,55.2708,43.0,33,167.4,43.2,1011,Rain,Landslide,Medium,5.0,28,Watch,Monitor
REC_1080,2023-10-21,2023,10,Cape Town,Western Cape,South Africa,-33.9249,18.4241,24.5,65,169.4,15.5,961,Thunderstorm,Flood,Critical,9.8,56,Emergency,Evacuation Support
REC_1081,2024-06-14,2024,6,Moscow,Moscow,Russia,55.7558,37.6173,-5.5,53,191.0,90.2,1030,Thunderstorm,Cyclone,Critical,5.5,11,Emergency,Evacuation Support
REC_1082,2023-05-04,2023,5,Los Angeles,California,USA,34.0522,-118.2437,-6.7,70,136.6,31.9,1019,Fog,Landslide,High,6.7,84,Warning,Alert Public
REC_1083,2024-04-05,2024,4,Mumbai,Maharashtra,India,19.076,72.8777,5.2,96,192.7,38.4,977,Rain,Flood,Medium,9.4,85,Watch,Monitor
REC_1084,2023-11-19,2023,11,Moscow,Moscow,Russia,55.7558,37.6173,19.8,96,1.5,6.9,1026,Rain,None,Low,8.4,25,Normal,No Action
REC_1085,2023-09-25,2023,9,Cairo,Cairo,Egypt,30.0444,31.2357,23.7,79,171.9,64.4,1026,Snow,Landslide,Medium,6.6,8,Watch,Monitor
REC_1086,2023-06-22,2023,6,Toronto,Ontario,Canada,43.651,-79.347,27.8,46,2.5,71.2,981,Clear,None,Low,8.4,83,Normal,No Action
REC_1087,2023-01-13,2023,1,London,England,UK,51.5074,-0.1278,14.1,89,130.8,46.6,981,Clear,Landslide,High,2.2,94,Warning,Alert Public
REC_1088,2024-06-13,2024,6,Dubai,Dubai,UAE,25.2048,55.2708,34.0,38,41.5,50.8,1033,Clear,None,Low,8.0,10,Normal,No Action
REC_1089,2023-08-30,2023,8,Los Angeles,California,USA,34.0522,-118.2437,3.6,32,120.0,71.2,950,Thunderstorm,Flood,High,8.9,14,Warning,Alert Public
REC_1090,2023-04-09,2023,4,Rio de Janeiro,Rio de Janeiro,Brazil,-22.9068,-43.1729,23.2,92,197.0,59.7,983,Thunderstorm,Landslide,Medium,1.6,86,Watch,Monitor
REC_1091,2024-06-07,2024,6,Cairo,Cairo,Egypt,30.0444,31.2357,19.9,12,58.5,45.8,1035,Rain,None,Low,3.0,44,Normal,No Action
REC_1092,2023-01-22,2023,1,Singapore,Singapore,Singapore,1.3521,103.8198,-4.3,36,41.5,42.8,1041,Clear,Drought,Critical,3.1,73,Emergency,Evacuation Support
REC_1093,2024-03-05,2024,3,Cairo,Cairo,Egypt,30.0444,31.2357,7.8,33,96.0,60.2,973,Thunderstorm,Storm,Critical,7.6,79,Emergency,Evacuation Support
REC_1094,2024-02-05,2024,2,Moscow,Moscow,Russia,55.7558,37.6173,-0.1,82,194.4,43.4,1004,Thunderstorm,None,Low,2.3,53,Normal,No Action
REC_1095,2024-09-23,2024,9,London,England,UK,51.5074,-0.1278,38.9,86,43.0,50.8,1040,Clear,Heatwave,High,8.6,85,Warning,Alert Public
REC_1096,2023-01-17,2023,1,Dubai,Dubai,UAE,25.2048,55.2708,17.1,68,54.2,34.5,992,Thunderstorm,None,Low,8.1,45,Normal,No Action
REC_1097,2023-09-20,2023,9,Toronto,Ontario,Canada,43.651,-79.347,27.8,61,52.6,91.2,998,Thunderstorm,Storm,High,3.7,10,Warning,Alert Public
REC_1098,2023-05-18,2023,5,Cape Town,Western Cape,South Africa,-33.9249,18.4241,41.4,85,85.7,41.6,1044,Clear,Heatwave,Critical,8.0,65,Emergency,Evacuation Support
REC_1099,2024-12-11,2024,12,New York,New York,USA,40.7128,-74.006,22.1,26,84.8,65.6,1012,Clear,None,Low,1.8,84,Normal,No Action
REC_1100,2024-11-17,2024,11,Sydney,NSW,Australia,-33.8688,151.2093,44.2,48,22.2,86.3,959,Thunderstorm,Storm,Medium,3.3,35,Watch,Monitor
REC_1101,2024-12-27,2024,12,Tokyo,Tokyo,Japan,35.6762,139.6503,-7.6,44,75.1,90.0,1050,Rain,Cyclone,High,6.7,61,Warning,Alert Public
REC_1102,2023-09-07,2023,9,London,England,UK,51.5074,-0.1278,39.7,75,177.2,29.3,1010,Clear,Heatwave,High,5.5,38,Warning,Alert Public
REC_1103,2023-02-18,2023,2,Cairo,Cairo,Egypt,30.0444,31.2357,13.5,38,160.5,108.5,1002,Thunderstorm,Cyclone,Medium,4.5,31,Watch,Monitor
REC_1104,2023-04-30,2023,4,Los Angeles,California,USA,34.0522,-118.2437,18.1,39,14.2,65.3,1024,Clear,None,Low,6.2,86,Normal,No Action
REC_1105,2023-05-25,2023,5,Rio de Janeiro,Rio de Janeiro,Brazil,-22.9068,-43.1729,16.1,63,11.0,16.4,984,Thunderstorm,Cyclone,High,8.2,93,Warning,Alert Public
REC_1106,2023-11-27,2023,11,New York,New York,USA,40.7128,-74.006,12.5,96,81.1,0.5,963,Snow,None,Low,5.7,57,Normal,No Action
REC_1107,2023-03-03,2023,3,Moscow,Moscow,Russia,55.7558,37.6173,6.1,54,132.3,50.7,956,Thunderstorm,Flood,High,8.9,68,Warning,Alert Public
REC_1108,2024-08-22,2024,8,Tokyo,Tokyo,Japan,35.6762,139.6503,44.6,47,161.3,47.1,969,Rain,None,Low,1.2,17,Normal,No Action
REC_1109,2023-07-15,2023,7,New York,New York,USA,40.7128,-74.006,-5.5,95,142.7,6.9,1002,Clear,Drought,Medium,6.3,48,Watch,Monitor
REC_1110,2023-09-12,2023,9,Los Angeles,California,USA,34.0522,-118.2437,17.2,18,27.8,32.4,1024,Cloudy,None,Low,6.3,45,Normal,No Action
REC_1111,2024-01-22,2024,1,Moscow,Moscow,Russia,55.7558,37.6173,5.7,63,25.9,52.7,998,Snow,None,Low,4.5,37,Normal,No Action
REC_1112,2024-04-03,2024,4,Sydney,NSW,Australia,-33.8688,151.2093,-2.0,32,34.5,61.5,1015,Rain,Flood,Critical,2.5,85,Emergency,Evacuation Support
REC_1113,2024-02-08,2024,2,Mumbai,Maharashtra,India,19.076,72.8777,11.3,100,30.5,108.8,1036,Thunderstorm,Storm,High,3.2,16,Warning,Alert Public
REC_1114,2023-07-29,2023,7,Cape Town,Western Cape,South Africa,-33.9249,18.4241,-3.7,69,67.1,77.2,983,Fog,None,Low,7.0,32,Normal,No Action
REC_1115,2023-03-07,2023,3,Cape Town,Western Cape,South Africa,-33.9249,18.4241,1.3,96,108.4,108.1,1042,Rain,Cyclone,Medium,4.9,64,Watch,Monitor
REC_1116,2023-01-27,2023,1,London,England,UK,51.5074,-0.1278,12.8,28,145.1,28.4,983,Snow,None,Low,7.9,88,Normal,No Action
REC_1117,2024-01-27,2024,1,Los Angeles,California,USA,34.0522,-118.2437,4.3,85,153.3,2.7,955,Snow,Landslide,Medium,1.6,20,Watch,Monitor
REC_1118,2024-06-28,2024,6,Paris,Ile-de-France,France,48.8566,2.3522,12.5,12,169.2,55.7,1045,Thunderstorm,None,Low,0.8,95,Normal,No Action
REC_1119,2023-11-26,2023,11,Rio de Janeiro,Rio de Janeiro,Brazil,-22.9068,-43.1729,2.2,12,191.3,75.1,979,Rain,None,Low,7.1,47,Normal,No Action
REC_1120,2024-09-03,2024,9,Dubai,Dubai,UAE,25.2048,55.2708,5.4,25,64.3,112.3,991,Rain,Cyclone,Medium,2.8,47,Watch,Monitor
REC_1121,2023-07-15,2023,7,Beijing,Beijing,China,39.9042,116.4074,26.3,42,135.9,35.8,1033,Rain,Cyclone,Critical,4.6,22,Emergency,Evacuation Support
REC_1122,2023-12-17,2023,12,Tokyo,Tokyo,Japan,35.6762,139.6503,6.7,60,135.4,73.3,1008,Clear,None,Low,4.4,15,Normal,No Action
REC_1123,2024-12-16,2024,12,London,England,UK,51.5074,-0.1278,-9.0,25,181.5,74.0,983,Thunderstorm,None,Low,6.5,87,Normal,No Action
REC_1124,2023-09-17,2023,9,Beijing,Beijing,China,39.9042,116.4074,16.8,16,166.0,38.8,1025,Snow,Landslide,High,3.8,55,Warning,Alert Public
REC_1125,2023-08-25,2023,8,Moscow,Moscow,Russia,55.7558,37.6173,17.0,17,53.2,99.2,1032,Thunderstorm,Cyclone,Medium,2.8,70,Watch,Monitor
REC_1126,2024-12-27,2024,12,Singapore,Singapore,Singapore,1.3521,103.8198,34.8,57,32.7,81.6,1032,Rain,Storm,High,3.4,56,Warning,Alert Public
REC_1127,2024-01-13,2024,1,London,England,UK,51.5074,-0.1278,-7.4,38,109.6,116.3,962,Thunderstorm,Flood,High,9.7,54,Warning,Alert Public
REC_1128,2023-02-09,2023,2,Singapore,Singapore,Singapore,1.3521,103.8198,16.2,69,162.7,44.9,977,Clear,Heatwave,Medium,3.7,31,Watch,Monitor
REC_1129,2023-07-17,2023,7,New York,New York,USA,40.7128,-74.006,35.3,71,132.8,38.1,1029,Clear,None,Low,5.0,83,Normal,No Action
REC_1130,2024-06-21,2024,6,Los Angeles,California,USA,34.0522,-118.2437,-3.5,19,143.7,103.4,1024,Thunderstorm,Storm,Medium,4.2,20,Watch,Monitor
REC_1131,2024-06-07,2024,6,Cape Town,Western Cape,South Africa,-33.9249,18.4241,-5.6,10,167.4,56.2,1013,Rain,None,Low,5.6,32,Normal,No Action
REC_1132,2023-01-16,2023,1,Dubai,Dubai,UAE,25.2048,55.2708,4.9,46,133.6,71.8,993,Cloudy,None,Low,1.0,42,Normal,No Action
REC_1133,2023-11-11,2023,11,Cairo,Cairo,Egypt,30.0444,31.2357,8.6,76,67.7,119.2,1013,Thunderstorm,Storm,Medium,1.4,58,Watch,Monitor
REC_1134,2023-11-22,2023,11,Sydney,NSW,Australia,-33.8688,151.2093,7.8,29,186.4,60.4,1003,Clear,Heatwave,High,1.0,68,Warning,Alert Public
REC_1135,2023-01-26,2023,1,Rio de Janeiro,Rio de Janeiro,Brazil,-22.9068,-43.1729,17.5,69,178.4,89.1,1041,Rain,Storm,Medium,1.5,95,Watch,Monitor
REC_1136,2023-12-09,2023,12,Cape Town,Western Cape,South Africa,-33.9249,18.4241,20.7,99,104.5,46.5,954,Snow,None,Low,3.7,52,Normal,No Action
REC_1137,2023-04-18,2023,4,Singapore,Singapore,Singapore,1.3521,103.8198,31.0,48,179.5,53.8,1000,Cloudy,Landslide,Medium,5.3,28,Watch,Monitor
REC_1138,2023-06-29,2023,6,Dubai,Dubai,UAE,25.2048,55.2708,20.8,32,187.1,19.3,950,Thunderstorm,None,Low,3.5,58,Normal,No Action
REC_1139,2024-07-05,2024,7,Paris,Ile-de-France,France,48.8566,2.3522,16.4,27,154.5,66.3,1014,Rain,Flood,High,9.1,49,Warning,Alert Public
REC_1140,2024-07-06,2024,7,Cairo,Cairo,Egypt,30.0444,31.2357,23.4,78,121.0,71.1,983,Clear,None,Low,2.3,81,Normal,No Action
REC_1141,2023-09-05,2023,9,Cairo,Cairo,Egypt,30.0444,31.2357,-9.6,19,159.4,31.8,999,Rain,Flood,High,8.6,77,Warning,Alert Public
REC_1142,2024-03-28,2024,3,Singapore,Singapore,Singapore,1.3521,103.8198,5.5,28,169.4,37.2,1043,Rain,None,Low,7.0,51,Normal,No Action
REC_1143,2024-12-22,2024,12,Mumbai,Maharashtra,India,19.076,72.8777,27.1,58,146.9,68.5,1022,Cloudy,Landslide,High,5.0,74,Warning,Alert Public
REC_1144,2024-03-10,2024,3,Moscow,Moscow,Russia,55.7558,37.6173,-7.1,95,197.4,28.1,957,Thunderstorm,None,Low,5.4,44,Normal,No Action
REC_1145,2024-02-02,2024,2,Los Angeles,California,USA,34.0522,-118.2437,17.5,45,169.7,14.5,964,Rain,Landslide,High,4.7,82,Warning,Alert Public
REC_1146,2024-05-09,2024,5,Tokyo,Tokyo,Japan,35.6762,139.6503,33.5,84,155.7,58.4,964,Clear,Landslide,High,3.8,83,Warning,Alert Public
REC_1147,2023-08-12,2023,8,Toronto,Ontario,Canada,43.651,-79.347,11.8,34,75.8,119.4,1030,Thunderstorm,Cyclone,Critical,2.2,29,Emergency,Evacuation Support
REC_1148,2024-11-04,2024,11,Sydney,NSW,Australia,-33.8688,151.2093,18.6,97,24.0,63.5,1038,Fog,None,Low,7.2,44,Normal,No Action
REC_1149,2024-09-03,2024,9,Paris,Ile-de-France,France,48.8566,2.3522,26.3,16,152.4,17.5,993,Thunderstorm,Flood,Medium,8.8,58,Watch,Monitor
REC_1150,2024-12-06,2024,12,London,England,UK,51.5074,-0.1278,13.7,21,2.4,71.3,974,Snow,None,Low,1.3,38,Normal,No Action
REC_1151,2024-06-08,2024,6,Paris,Ile-de-France,France,48.8566,2.3522,-1.6,10,131.3,108.1,1026,Rain,Storm,Medium,1.7,10,Watch,Monitor
REC_1152,2023-03-20,2023,3,New York,New York,USA,40.7128,-74.006,40.6,47,173.3,6.7,955,Clear,Heatwave,Critical,4.9,86,Emergency,Evacuation Support
REC_1153,2023-07-12,2023,7,Mumbai,Maharashtra,India,19.076,72.8777,43.7,36,26.2,79.8,1040,Thunderstorm,Landslide,High,8.3,63,Warning,Alert Public
REC_1154,2023-08-12,2023,8,Singapore,Singapore,Singapore,1.3521,103.8198,21.4,25,2.5,54.2,1030,Cloudy,None,Low,9.4,11,Normal,No Action
REC_1155,2023-09-26,2023,9,New York,New York,USA,40.7128,-74.006,41.9,44,178.7,16.7,1044,Clear,Drought,High,1.0,17,Warning,Alert Public
REC_1156,2023-06-05,2023,6,London,England,UK,51.5074,-0.1278,20.4,28,48.5,81.8,997,Thunderstorm,Storm,High,6.5,81,Warning,Alert Public
REC_1157,2024-10-31,2024,10,Tokyo,Tokyo,Japan,35.6762,139.6503,34.2,69,158.6,2.3,1012,Clear,Landslide,Medium,7.3,92,Watch,Monitor
REC_1158,2023-02-12,2023,2,Cape Town,Western Cape,South Africa,-33.9249,18.4241,10.2,49,120.2,31.7,1002,Thunderstorm,Flood,Critical,8.2,70,Emergency,Evacuation Support
REC_1159,2024-05-03,2024,5,Mumbai,Maharashtra,India,19.076,72.8777,10.8,84,27.6,7.8,991,Clear,None,Low,4.5,74,Normal,No Action
REC_1160,2024-01-20,2024,1,Cairo,Cairo,Egypt,30.0444,31.2357,7.4,54,34.3,53.6,975,Rain,None,Low,3.0,48,Normal,No Action
REC_1161,2024-03-14,2024,3,Beijing,Beijing,China,39.9042,116.4074,22.2,57,108.3,49.6,991,Thunderstorm,Landslide,Medium,2.6,8,Watch,Monitor
REC_1162,2024-11-26,2024,11,Tokyo,Tokyo,Japan,35.6762,139.6503,4.8,37,90.8,100.5,1042,Rain,Storm,Medium,9.5,75,Watch,Monitor
REC_1163,2023-06-06,2023,6,New York,New York,USA,40.7128,-74.006,10.4,100,187.6,4.6,1034,Cloudy,Landslide,Critical,4.6,89,Emergency,Evacuation Support
REC_1164,2024-02-22,2024,2,Tokyo,Tokyo,Japan,35.6762,139.6503,-7.2,44,173.8,21.8,985,Thunderstorm,Landslide,High,7.6,69,Warning,Alert Public
REC_1165,2024-04-28,2024,4,Cairo,Cairo,Egypt,30.0444,31.2357,-8.8,62,36.3,61.4,1031,Thunderstorm,None,Low,7.1,64,Normal,No Action
REC_1166,2023-08-17,2023,8,Beijing,Beijing,China,39.9042,116.4074,-1.2,38,192.1,22.9,1047,Rain,None,Low,5.8,55,Normal,No Action
REC_1167,2023-04-13,2023,4,Moscow,Moscow,Russia,55.7558,37.6173,21.9,29,103.9,105.3,988,Thunderstorm,Storm,High,4.9,78,Warning,Alert Public
REC_1168,2024-10-21,2024,10,Cairo,Cairo,Egypt,30.0444,31.2357,0.5,69,173.9,33.8,1033,Thunderstorm,Cyclone,High,1.8,14,Warning,Alert Public
REC_1169,2023-08-09,2023,8,Moscow,Moscow,Russia,55.7558,37.6173,34.7,47,91.3,62.8,980,Rain,None,Low,5.1,11,Normal,No Action
REC_1170,2023-09-15,2023,9,Cape Town,Western Cape,South Africa,-33.9249,18.4241,0.7,73,50.1,4.8,1020,Rain,Flood,High,7.4,75,Warning,Alert Public
REC_1171,2024-04-06,2024,4,Paris,Ile-de-France,France,48.8566,2.3522,18.4,18,97.6,78.8,966,Cloudy,None,Low,8.1,75,Normal,No Action
REC_1172,2023-04-10,2023,4,Moscow,Moscow,Russia,55.7558,37.6173,27.7,15,166.6,6.0,980,Fog,None,Low,6.8,17,Normal,No Action
REC_1173,2024-11-02,2024,11,Cape Town,Western Cape,South Africa,-33.9249,18.4241,-3.9,46,108.2,94.5,1009,Thunderstorm,Flood,High,9.1,44,Warning,Alert Public
REC_1174,2023-06-01,2023,6,Rio de Janeiro,Rio de Janeiro,Brazil,-22.9068,-43.1729,-8.7,58,81.8,75.5,1039,Clear,Landslide,Critical,0.9,80,Emergency,Evacuation Support
REC_1175,2024-01-24,2024,1,Dubai,Dubai,UAE,25.2048,55.2708,12.8,84,61.9,118.8,984,Thunderstorm,Cyclone,Critical,7.1,17,Emergency,Evacuation Support
REC_1176,2024-05-01,2024,5,Cape Town,Western Cape,South Africa,-33.9249,18.4241,-5.4,20,44.7,92.7,1032,Thunderstorm,Storm,High,2.0,21,Warning,Alert Public
REC_1177,2024-03-10,2024,3,Cairo,Cairo,Egypt,30.0444,31.2357,41.3,41,74.4,4.5,1042,Thunderstorm,Landslide,Critical,4.3,33,Emergency,Evacuation Support
REC_1178,2024-01-24,2024,1,Dubai,Dubai,UAE,25.2048,55.2708,-5.7,62,191.0,73.5,974,Clear,Landslide,Critical,7.7,66,Emergency,Evacuation Support
REC_1179,2024-02-01,2024,2,London,England,UK,51.5074,-0.1278,36.4,58,112.4,68.0,1043,Thunderstorm,Flood,Medium,8.1,56,Watch,Monitor
REC_1180,2024-03-10,2024,3,Mumbai,Maharashtra,India,19.076,72.8777,18.3,100,114.7,12.0,978,Thunderstorm,Cyclone,High,4.6,46,Warning,Alert Public
REC_1181,2024-09-29,2024,9,Toronto,Ontario,Canada,43.651,-79.347,24.1,34,74.7,20.5,974,Cloudy,Landslide,Critical,3.0,59,Emergency,Evacuation Support
REC_1182,2024-01-07,2024,1,London,England,UK,51.5074,-0.1278,20.6,42,164.1,25.8,1000,Thunderstorm,Flood,Critical,9.3,43,Emergency,Evacuation Support
REC_1183,2024-09-05,2024,9,Sydney,NSW,Australia,-33.8688,151.2093,17.9,74,1.7,86.3,957,Thunderstorm,Storm,Medium,6.4,86,Watch,Monitor
REC_1184,2024-01-31,2024,1,Moscow,Moscow,Russia,55.7558,37.6173,29.0,53,173.9,72.6,1034,Thunderstorm,Flood,Medium,9.5,77,Watch,Monitor
REC_1185,2024-11-08,2024,11,Dubai,Dubai,UAE,25.2048,55.2708,36.8,44,83.3,16.9,1040,Rain,Landslide,Critical,9.3,47,Emergency,Evacuation Support
REC_1186,2024-08-23,2024,8,London,England,UK,51.5074,-0.1278,-4.1,52,151.3,39.3,958,Thunderstorm,Flood,High,9.9,22,Warning,Alert Public
REC_1187,2023-06-02,2023,6,Tokyo,Tokyo,Japan,35.6762,139.6503,-7.9,81,64.9,33.6,1019,Clear,Heatwave,Medium,3.1,89,Watch,Monitor
REC_1188,2023-09-18,2023,9,Paris,Ile-de-France,France,48.8566,2.3522,18.4,21,80.4,52.2,973,Fog,None,Low,9.3,38,Normal,No Action
REC_1189,2023-06-16,2023,6,Rio de Janeiro,Rio de Janeiro,Brazil,-22.9068,-43.1729,-2.5,47,1.2,100.1,995,Rain,Cyclone,Critical,1.4,13,Emergency,Evacuation Support
REC_1190,2023-04-12,2023,4,Singapore,Singapore,Singapore,1.3521,103.8198,28.3,22,24.5,90.8,1044,Thunderstorm,Cyclone,High,4.3,92,Warning,Alert Public
REC_1191,2024-09-14,2024,9,New York,New York,USA,40.7128,-74.006,-5.7,30,8.1,72.3,999,Rain,None,Low,8.0,80,Normal,No Action
REC_1192,2023-11-10,2023,11,Mumbai,Maharashtra,India,19.076,72.8777,-8.8,84,131.7,74.5,1028,Cloudy,Landslide,Critical,6.6,44,Emergency,Evacuation Support
REC_1193,2024-01-01,2024,1,Mumbai,Maharashtra,India,19.076,72.8777,37.3,34,35.8,3.5,1020,Rain,None,Low,1.1,14,Normal,No Action
REC_1194,2023-12-05,2023,12,Rio de Janeiro,Rio de Janeiro,Brazil,-22.9068,-43.1729,12.3,49,91.8,53.3,1018,Rain,Flood,High,5.5,6,Warning,Alert Public
REC_1195,2024-02-15,2024,2,Toronto,Ontario,Canada,43.651,-79.347,-7.1,77,53.7,118.7,1025,Thunderstorm,Cyclone,High,3.9,70,Warning,Alert Public
REC_1196,2024-02-19,2024,2,Cairo,Cairo,Egypt,30.0444,31.2357,44.3,87,70.7,4.3,1024,Clear,Heatwave,Critical,8.7,77,Emergency,Evacuation Support
REC_1197,2024-01-31,2024,1,Beijing,Beijing,China,39.9042,116.4074,26.8,84,177.6,55.2,1018,Thunderstorm,Flood,Critical,9.7,70,Emergency,Evacuation Support
REC_1198,2023-04-25,2023,4,Mumbai,Maharashtra,India,19.076,72.8777,43.0,13,16.4,89.1,1012,Rain,Storm,High,1.3,37,Warning,Alert Public
REC_1199,2023-11-10,2023,11,Beijing,Beijing,China,39.9042,116.4074,11.9,20,54.1,31.6,987,Snow,None,Low,2.6,76,Normal,No Action
REC_1200,2024-06-26,2024,6,Beijing,Beijing,China,39.9042,116.4074,-4.8,20,73.0,5.7,991,Fog,None,Low,8.6,42,Normal,No Action
REC_1201,2024-11-03,2024,11,Dubai,Dubai,UAE,25.2048,55.2708,28.0,26,63.7,11.8,1032,Fog,Landslide,Critical,8.2,10,Emergency,Evacuation Support
REC_1202,2023-07-21,2023,7,Toronto,Ontario,Canada,43.651,-79.347,33.1,86,159.3,116.2,1032,Rain,Storm,High,6.2,40,Warning,Alert Public
REC_1203,2024-05-02,2024,5,Toronto,Ontario,Canada,43.651,-79.347,24.5,95,13.7,60.5,1023,Fog,None,Low,1.1,73,Normal,No Action
REC_1204,2023-04-24,2023,4,New York,New York,USA,40.7128,-74.006,10.6,78,35.4,14.2,1015,Snow,None,Low,6.6,59,Normal,No Action
REC_1205,2024-03-31,2024,3,Cape Town,Western Cape,South Africa,-33.9249,18.4241,37.5,70,81.2,70.8,962,Snow,None,Low,9.6,26,Normal,No Action
REC_1206,2024-07-19,2024,7,London,England,UK,51.5074,-0.1278,32.1,93,94.0,106.0,1016,Rain,Cyclone,Critical,3.8,18,Emergency,Evacuation Support
REC_1207,2023-01-17,2023,1,London,England,UK,51.5074,-0.1278,29.8,62,11.9,100.0,953,Rain,Storm,High,4.6,5,Warning,Alert Public
REC_1208,2024-03-31,2024,3,Rio de Janeiro,Rio de Janeiro,Brazil,-22.9068,-43.1729,-9.4,26,112.6,41.1,1019,Rain,None,Low,1.3,69,Normal,No Action
REC_1209,2023-08-04,2023,8,Cairo,Cairo,Egypt,30.0444,31.2357,5.3,28,168.8,40.2,973,Clear,None,Low,0.6,48,Normal,No Action
REC_1210,2024-10-02,2024,10,Tokyo,Tokyo,Japan,35.6762,139.6503,40.9,58,165.7,29.1,1018,Snow,None,Low,1.8,94,Normal,No Action
REC_1211,2023-09-27,2023,9,Tokyo,Tokyo,Japan,35.6762,139.6503,32.1,54,11.3,28.3,997,Fog,None,Low,3.9,35,Normal,No Action
REC_1212,2024-10-21,2024,10,Cairo,Cairo,Egypt,30.0444,31.2357,20.5,81,58.5,62.7,1038,Rain,Landslide,High,4.7,45,Warning,Alert Public
REC_1213,2024-02-22,2024,2,Moscow,Moscow,Russia,55.7558,37.6173,30.9,75,146.1,103.0,1039,Thunderstorm,Storm,Medium,4.7,18,Watch,Monitor
REC_1214,2024-04-19,2024,4,Toronto,Ontario,Canada,43.651,-79.347,23.6,42,23.0,45.8,992,Thunderstorm,Cyclone,Medium,9.1,33,Watch,Monitor
REC_1215,2023-04-13,2023,4,Mumbai,Maharashtra,India,19.076,72.8777,16.8,83,160.1,24.6,1043,Rain,Flood,Medium,8.2,17,Watch,Monitor
REC_1216,2024-07-12,2024,7,Mumbai,Maharashtra,India,19.076,72.8777,35.4,86,64.8,29.1,1001,Fog,None,Low,1.7,7,Normal,No Action
REC_1217,2023-04-24,2023,4,Tokyo,Tokyo,Japan,35.6762,139.6503,16.3,62,102.8,9.2,1008,Cloudy,None,Low,4.3,13,Normal,No Action
REC_1218,2024-10-13,2024,10,Rio de Janeiro,Rio de Janeiro,Brazil,-22.9068,-43.1729,16.0,70,103.6,74.2,995,Cloudy,None,Low,7.6,56,Normal,No Action
REC_1219,2024-01-18,2024,1,Tokyo,Tokyo,Japan,35.6762,139.6503,10.8,64,151.9,27.9,990,Thunderstorm,Landslide,High,2.0,43,Warning,Alert Public
REC_1220,2023-03-10,2023,3,Toronto,Ontario,Canada,43.651,-79.347,2.2,99,20.5,49.4,1008,Fog,None,Low,3.6,80,Normal,No Action
REC_1221,2024-09-23,2024,9,London,England,UK,51.5074,-0.1278,-5.7,88,136.3,23.7,1043,Thunderstorm,None,Low,4.0,94,Normal,No Action
REC_1222,2023-03-14,2023,3,Toronto,Ontario,Canada,43.651,-79.347,-5.5,30,181.1,70.3,1004,Thunderstorm,Storm,Critical,4.7,28,Emergency,Evacuation Support
REC_1223,2023-05-27,2023,5,Rio de Janeiro,Rio de Janeiro,Brazil,-22.9068,-43.1729,10.9,20,27.4,50.5,971,Thunderstorm,None,Low,7.6,21,Normal,No Action
REC_1224,2023-10-29,2023,10,Sydney,NSW,Australia,-33.8688,151.2093,36.3,77,152.0,86.3,1000,Thunderstorm,Cyclone,Medium,2.8,77,Watch,Monitor
REC_1225,2024-09-27,2024,9,Rio de Janeiro,Rio de Janeiro,Brazil,-22.9068,-43.1729,-6.5,94,143.2,92.9,965,Thunderstorm,Cyclone,Critical,5.7,12,Emergency,Evacuation Support
REC_1226,2024-10-02,2024,10,Sydney,NSW,Australia,-33.8688,151.2093,13.4,13,87.4,58.4,980,Snow,Landslide,Medium,9.3,87,Watch,Monitor
REC_1227,2024-03-26,2024,3,Sydney,NSW,Australia,-33.8688,151.2093,23.4,46,45.8,59.9,1020,Rain,None,Low,2.6,63,Normal,No Action
REC_1228,2024-12-30,2024,12,Rio de Janeiro,Rio de Janeiro,Brazil,-22.9068,-43.1729,7.5,67,114.5,88.2,1029,Rain,Storm,High,3.9,24,Warning,Alert Public
REC_1229,2023-09-09,2023,9,Singapore,Singapore,Singapore,1.3521,103.8198,21.0,70,136.5,110.2,1028,Thunderstorm,Flood,Critical,8.1,70,Emergency,Evacuation Support
REC_1230,2023-02-16,2023,2,Paris,Ile-de-France,France,48.8566,2.3522,-8.3,82,11.1,43.6,1012,Clear,None,Low,3.5,78,Normal,No Action
REC_1231,2024-06-29,2024,6,Beijing,Beijing,China,39.9042,116.4074,21.1,39,54.5,16.9,991,Clear,None,Low,9.2,78,Normal,No Action
REC_1232,2024-10-26,2024,10,Cape Town,Western Cape,South Africa,-33.9249,18.4241,-4.5,42,153.3,97.4,990,Rain,Cyclone,High,5.3,17,Warning,Alert Public
REC_1233,2024-11-22,2024,11,Rio de Janeiro,Rio de Janeiro,Brazil,-22.9068,-43.1729,2.5,17,127.5,82.4,1032,Rain,Cyclone,High,6.3,54,Warning,Alert Public
REC_1234,2024-03-26,2024,3,Moscow,Moscow,Russia,55.7558,37.6173,43.9,59,61.4,64.8,1025,Rain,None,Low,4.3,33,Normal,No Action
REC_1235,2023-09-27,2023,9,Dubai,Dubai,UAE,25.2048,55.2708,19.4,23,141.9,103.5,1035,Rain,Storm,Critical,1.8,88,Emergency,Evacuation Support
REC_1236,2023-07-06,2023,7,Beijing,Beijing,China,39.9042,116.4074,38.0,10,1.5,28.6,1039,Clear,None,Low,7.1,75,Normal,No Action
REC_1237,2024-11-05,2024,11,Los Angeles,California,USA,34.0522,-118.2437,19.5,42,149.8,61.7,973,Rain,None,Low,3.4,9,Normal,No Action
REC_1238,2024-01-23,2024,1,Singapore,Singapore,Singapore,1.3521,103.8198,-4.0,70,18.9,93.4,1033,Rain,Cyclone,High,7.0,82,Warning,Alert Public
REC_1239,2024-10-27,2024,10,Mumbai,Maharashtra,India,19.076,72.8777,-0.6,15,108.1,35.4,968,Clear,None,Low,1.9,35,Normal,No Action
REC_1240,2023-05-26,2023,5,Dubai,Dubai,UAE,25.2048,55.2708,-1.9,25,12.7,38.4,992,Snow,None,Low,8.2,41,Normal,No Action
REC_1241,2023-04-30,2023,4,Rio de Janeiro,Rio de Janeiro,Brazil,-22.9068,-43.1729,10.1,37,54.7,89.0,1040,Thunderstorm,Cyclone,High,5.1,24,Warning,Alert Public
REC_1242,2024-05-07,2024,5,Beijing,Beijing,China,39.9042,116.4074,24.7,36,19.3,41.5,1011,Snow,None,Low,3.4,90,Normal,No Action
REC_1243,2023-05-23,2023,5,Mumbai,Maharashtra,India,19.076,72.8777,3.7,48,24.2,46.7,1027,Snow,None,Low,7.4,25,Normal,No Action
REC_1244,2024-10-01,2024,10,Cape Town,Western Cape,South Africa,-33.9249,18.4241,-0.5,70,47.8,43.3,1047,Clear,None,Low,2.1,45,Normal,No Action
REC_1245,2023-06-03,2023,6,London,England,UK,51.5074,-0.1278,-5.5,92,151.5,96.0,981,Thunderstorm,Storm,Medium,4.9,49,Watch,Monitor
REC_1246,2024-01-23,2024,1,Moscow,Moscow,Russia,55.7558,37.6173,33.1,79,110.6,58.5,1047,Rain,None,Low,2.4,12,Normal,No Action
REC_1247,2024-05-05,2024,5,Sydney,NSW,Australia,-33.8688,151.2093,41.7,37,144.9,44.4,981,Snow,None,Low,2.5,73,Normal,No Action
REC_1248,2023-03-03,2023,3,London,England,UK,51.5074,-0.1278,12.8,52,185.7,63.3,1000,Snow,None,Low,3.9,11,Normal,No Action
REC_1249,2023-07-09,2023,7,Sydney,NSW,Australia,-33.8688,151.2093,6.2,63,157.9,67.4,969,Rain,None,Low,6.9,60,Normal,No Action
REC_1250,2023-01-29,2023,1,Cape Town,Western Cape,South Africa,-33.9249,18.4241,12.9,50,5.3,112.4,1005,Thunderstorm,Storm,Medium,6.1,72,Watch,Monitor
REC_1251,2024-10-11,2024,10,Paris,Ile-de-France,France,48.8566,2.3522,38.2,36,155.5,90.9,1001,Thunderstorm,Cyclone,High,2.8,29,Warning,Alert Public
REC_1252,2024-06-02,2024,6,Dubai,Dubai,UAE,25.2048,55.2708,-6.7,21,23.1,17.6,1050,Clear,None,Low,9.4,34,Normal,No Action
REC_1253,2023-09-08,2023,9,Singapore,Singapore,Singapore,1.3521,103.8198,-8.5,32,185.2,65.5,975,Thunderstorm,None,Low,1.3,18,Normal,No Action
REC_1254,2024-06-26,2024,6,Paris,Ile-de-France,France,48.8566,2.3522,16.5,67,193.9,100.3,1030,Rain,Storm,High,3.5,35,Warning,Alert Public
REC_1255,2023-04-10,2023,4,Singapore,Singapore,Singapore,1.3521,103.8198,27.1,33,104.3,31.3,969,Clear,None,Low,5.1,41,Normal,No Action
REC_1256,2023-02-11,2023,2,Sydney,NSW,Australia,-33.8688,151.2093,43.4,19,166.2,44.5,970,Rain,Flood,High,8.5,90,Warning,Alert Public
REC_1257,2024-01-23,2024,1,Paris,Ile-de-France,France,48.8566,2.3522,2.6,64,94.5,90.2,958,Thunderstorm,Cyclone,High,6.0,68,Warning,Alert Public
REC_1258,2023-07-25,2023,7,Dubai,Dubai,UAE,25.2048,55.2708,45.0,51,61.6,24.5,967,Rain,None,Low,8.5,67,Normal,No Action
REC_1259,2023-08-15,2023,8,Dubai,Dubai,UAE,25.2048,55.2708,41.4,39,159.2,103.4,1035,Thunderstorm,Storm,Critical,5.3,49,Emergency,Evacuation Support
REC_1260,2023-05-31,2023,5,Los Angeles,California,USA,34.0522,-118.2437,33.5,100,101.4,80.4,1004,Thunderstorm,Cyclone,High,2.9,75,Warning,Alert Public
REC_1261,2023-11-14,2023,11,Mumbai,Maharashtra,India,19.076,72.8777,20.7,24,98.7,14.7,1038,Cloudy,Landslide,High,8.5,52,Warning,Alert Public
REC_1262,2023-10-21,2023,10,Singapore,Singapore,Singapore,1.3521,103.8198,1.0,73,109.0,44.5,1009,Fog,None,Low,7.9,39,Normal,No Action
REC_1263,2024-10-11,2024,10,Singapore,Singapore,Singapore,1.3521,103.8198,14.0,80,130.7,20.1,1019,Thunderstorm,Landslide,Medium,5.2,57,Watch,Monitor
REC_1264,2024-07-20,2024,7,Paris,Ile-de-France,France,48.8566,2.3522,-4.6,65,97.4,98.8,970,Thunderstorm,Storm,Medium,9.4,53,Watch,Monitor
REC_1265,2024-07-01,2024,7,Cape Town,Western Cape,South Africa,-33.9249,18.4241,42.3,64,92.7,105.5,956,Clear,Heatwave,High,7.2,58,Warning,Alert Public
REC_1266,2023-03-29,2023,3,Cape Town,Western Cape,South Africa,-33.9249,18.4241,19.3,48,45.8,105.0,989,Thunderstorm,Storm,Critical,5.8,12,Emergency,Evacuation Support
REC_1267,2023-08-28,2023,8,Los Angeles,California,USA,34.0522,-118.2437,4.5,32,171.4,57.1,1005,Rain,Flood,Critical,9.4,40,Emergency,Evacuation Support
REC_1268,2024-05-12,2024,5,Singapore,Singapore,Singapore,1.3521,103.8198,25.7,90,10.5,46.9,1038,Snow,None,Low,6.0,78,Normal,No Action
REC_1269,2023-06-27,2023,6,Toronto,Ontario,Canada,43.651,-79.347,30.1,22,46.4,75.1,1016,Cloudy,None,Low,8.4,5,Normal,No Action
REC_1270,2023-06-12,2023,6,Los Angeles,California,USA,34.0522,-118.2437,9.8,11,104.5,90.0,997,Rain,Flood,Critical,8.3,57,Emergency,Evacuation Support
REC_1271,2024-06-22,2024,6,London,England,UK,51.5074,-0.1278,10.0,97,195.5,72.1,1025,Clear,Landslide,Medium,5.8,82,Watch,Monitor
REC_1272,2023-08-07,2023,8,Singapore,Singapore,Singapore,1.3521,103.8198,22.8,26,188.0,57.2,1006,Thunderstorm,None,Low,1.2,92,Normal,No Action
REC_1273,2023-11-17,2023,11,Rio de Janeiro,Rio de Janeiro,Brazil,-22.9068,-43.1729,-1.0,38,11.8,70.0,1021,Fog,Landslide,Critical,7.2,27,Emergency,Evacuation Support
REC_1274,2024-09-23,2024,9,Moscow,Moscow,Russia,55.7558,37.6173,43.6,81,100.7,52.6,1005,Clear,Heatwave,Medium,5.8,25,Watch,Monitor
REC_1275,2024-06-30,2024,6,Beijing,Beijing,China,39.9042,116.4074,32.0,51,193.2,40.0,996,Fog,Landslide,Medium,3.9,52,Watch,Monitor
REC_1276,2023-10-24,2023,10,Cape Town,Western Cape,South Africa,-33.9249,18.4241,2.4,79,186.1,113.4,980,Thunderstorm,Cyclone,Medium,5.3,17,Watch,Monitor
REC_1277,2024-09-22,2024,9,Toronto,Ontario,Canada,43.651,-79.347,7.3,34,25.5,26.9,978,Fog,None,Low,3.7,30,Normal,No Action
REC_1278,2023-02-24,2023,2,Toronto,Ontario,Canada,43.651,-79.347,35.8,27,163.2,23.9,953,Thunderstorm,Landslide,Critical,1.1,53,Emergency,Evacuation Support
REC_1279,2023-03-16,2023,3,Cairo,Cairo,Egypt,30.0444,31.2357,8.3,62,194.1,65.1,958,Snow,None,Low,1.5,75,Normal,No Action
REC_1280,2024-05-18,2024,5,Singapore,Singapore,Singapore,1.3521,103.8198,16.2,26,77.1,0.4,1018,Snow,None,Low,9.9,12,Normal,No Action
REC_1281,2023-09-03,2023,9,Cairo,Cairo,Egypt,30.0444,31.2357,5.4,71,165.4,50.6,1049,Clear,None,Low,5.3,85,Normal,No Action
REC_1282,2024-07-25,2024,7,Mumbai,Maharashtra,India,19.076,72.8777,22.3,58,31.7,58.7,1024,Snow,None,Low,4.8,12,Normal,No Action
REC_1283,2024-09-04,2024,9,Rio de Janeiro,Rio de Janeiro,Brazil,-22.9068,-43.1729,21.1,33,79.0,21.6,1020,Snow,None,Low,4.0,83,Normal,No Action
REC_1284,2024-08-29,2024,8,Rio de Janeiro,Rio de Janeiro,Brazil,-22.9068,-43.1729,26.2,44,111.6,87.1,969,Thunderstorm,Storm,Critical,1.0,17,Emergency,Evacuation Support
REC_1285,2023-08-04,2023,8,Dubai,Dubai,UAE,25.2048,55.2708,4.8,69,62.1,26.2,1043,Thunderstorm,Flood,Medium,5.4,48,Watch,Monitor
REC_1286,2023-11-10,2023,11,Mumbai,Maharashtra,India,19.076,72.8777,29.9,95,29.6,92.9,987,Thunderstorm,Storm,Medium,6.3,21,Watch,Monitor
REC_1287,2024-10-15,2024,10,Toronto,Ontario,Canada,43.651,-79.347,18.0,94,75.9,84.4,1041,Thunderstorm,Cyclone,High,2.6,6,Warning,Alert Public
REC_1288,2023-07-18,2023,7,Cape Town,Western Cape,South Africa,-33.9249,18.4241,11.7,98,29.1,40.5,1011,Snow,None,Low,9.6,23,Normal,No Action
REC_1289,2024-01-27,2024,1,Tokyo,Tokyo,Japan,35.6762,139.6503,34.2,35,93.3,39.3,989,Thunderstorm,None,Low,6.9,9,Normal,No Action
REC_1290,2024-05-24,2024,5,Singapore,Singapore,Singapore,1.3521,103.8198,25.3,67,54.2,73.3,1027,Clear,None,Low,1.0,89,Normal,No Action
REC_1291,2024-03-28,2024,3,Singapore,Singapore,Singapore,1.3521,103.8198,43.1,96,118.6,101.2,1002,Clear,Heatwave,High,3.2,19,Warning,Alert Public
REC_1292,2024-10-30,2024,10,Los Angeles,California,USA,34.0522,-118.2437,0.3,94,127.9,35.1,983,Rain,Storm,High,6.3,89,Warning,Alert Public
REC_1293,2024-11-30,2024,11,Cairo,Cairo,Egypt,30.0444,31.2357,14.2,85,70.3,91.6,1007,Rain,Storm,Critical,7.2,23,Emergency,Evacuation Support
REC_1294,2023-09-23,2023,9,Beijing,Beijing,China,39.9042,116.4074,33.5,45,136.6,106.6,1005,Rain,Cyclone,Medium,7.9,56,Watch,Monitor
REC_1295,2024-05-19,2024,5,Sydney,NSW,Australia,-33.8688,151.2093,2.9,85,143.9,66.5,966,Thunderstorm,None,Low,6.5,37,Normal,No Action
REC_1296,2024-06-29,2024,6,Tokyo,Tokyo,Japan,35.6762,139.6503,8.2,27,27.6,73.2,1027,Cloudy,None,Low,1.4,61,Normal,No Action
REC_1297,2023-10-20,2023,10,London,England,UK,51.5074,-0.1278,20.9,18,195.0,41.1,985,Clear,None,Low,4.5,37,Normal,No Action
REC_1298,2023-06-05,2023,6,Los Angeles,California,USA,34.0522,-118.2437,-1.2,31,165.1,61.8,1009,Thunderstorm,None,Low,5.6,17,Normal,No Action
REC_1299,2024-10-20,2024,10,Cape Town,Western Cape,South Africa,-33.9249,18.4241,2.5,77,187.9,107.3,1039,Rain,Cyclone,Medium,3.0,37,Watch,Monitor
REC_1300,2023-05-31,2023,5,New York,New York,USA,40.7128,-74.006,29.7,17,119.5,98.4,1039,Thunderstorm,Cyclone,Medium,5.0,12,Watch,Monitor
REC_1301,2024-07-22,2024,7,Sydney,NSW,Australia,-33.8688,151.2093,-7.2,21,198.7,22.0,991,Rain,None,Low,4.4,95,Normal,No Action
REC_1302,2024-12-29,2024,12,Cape Town,Western Cape,South Africa,-33.9249,18.4241,14.2,40,184.8,114.6,993,Thunderstorm,Flood,High,9.7,48,Warning,Alert Public
REC_1303,2024-12-13,2024,12,Mumbai,Maharashtra,India,19.076,72.8777,33.2,16,62.9,76.4,989,Clear,None,Low,4.6,15,Normal,No Action
REC_1304,2024-07-02,2024,7,Mumbai,Maharashtra,India,19.076,72.8777,37.1,44,88.7,5.1,964,Rain,Storm,Critical,1.9,17,Emergency,Evacuation Support
REC_1305,2023-04-02,2023,4,Mumbai,Maharashtra,India,19.076,72.8777,28.0,65,66.7,26.8,1005,Snow,None,Low,2.2,74,Normal,No Action
REC_1306,2023-11-30,2023,11,London,England,UK,51.5074,-0.1278,-3.5,27,155.0,38.6,1012,Rain,None,Low,6.1,17,Normal,No Action
REC_1307,2023-09-16,2023,9,Moscow,Moscow,Russia,55.7558,37.6173,22.2,69,26.3,73.8,1008,Rain,None,Low,9.9,86,Normal,No Action
REC_1308,2024-01-07,2024,1,Los Angeles,California,USA,34.0522,-118.2437,18.1,88,144.4,111.9,964,Rain,Cyclone,Critical,6.5,8,Emergency,Evacuation Support
REC_1309,2023-09-11,2023,9,Dubai,Dubai,UAE,25.2048,55.2708,24.6,35,110.2,75.9,1013,Thunderstorm,Flood,Critical,8.4,23,Emergency,Evacuation Support
REC_1310,2024-02-11,2024,2,Sydney,NSW,Australia,-33.8688,151.2093,9.0,72,148.9,62.2,1004,Clear,None,Low,4.9,53,Normal,No Action
REC_1311,2024-12-17,2024,12,Sydney,NSW,Australia,-33.8688,151.2093,6.2,99,69.5,11.3,954,Clear,Landslide,Medium,7.3,51,Watch,Monitor
REC_1312,2024-10-16,2024,10,Toronto,Ontario,Canada,43.651,-79.347,43.6,54,152.1,85.5,979,Thunderstorm,Flood,High,8.8,29,Warning,Alert Public
REC_1313,2024-09-16,2024,9,Dubai,Dubai,UAE,25.2048,55.2708,23.7,96,23.8,58.5,980,Clear,None,Low,1.7,57,Normal,No Action
REC_1314,2024-02-16,2024,2,Beijing,Beijing,China,39.9042,116.4074,5.6,28,60.0,74.2,954,Thunderstorm,Landslide,High,2.4,53,Warning,Alert Public
REC_1315,2024-01-15,2024,1,London,England,UK,51.5074,-0.1278,2.8,68,103.0,76.1,1048,Clear,None,Low,6.2,21,Normal,No Action
REC_1316,2023-05-04,2023,5,Mumbai,Maharashtra,India,19.076,72.8777,32.7,65,71.8,23.8,1013,Clear,Drought,Medium,3.2,58,Watch,Monitor
REC_1317,2023-10-26,2023,10,Los Angeles,California,USA,34.0522,-118.2437,-3.5,51,145.8,13.3,1011,Rain,Flood,High,9.7,52,Warning,Alert Public
REC_1318,2023-07-21,2023,7,Moscow,Moscow,Russia,55.7558,37.6173,11.4,44,189.8,30.0,1022,Clear,Heatwave,Medium,5.3,20,Watch,Monitor
REC_1319,2023-07-20,2023,7,Mumbai,Maharashtra,India,19.076,72.8777,13.8,44,14.4,60.7,1008,Clear,Heatwave,Medium,7.4,12,Watch,Monitor
REC_1320,2024-11-18,2024,11,Tokyo,Tokyo,Japan,35.6762,139.6503,0.6,57,180.4,81.5,1042,Rain,Flood,High,9.9,67,Warning,Alert Public
REC_1321,2024-09-26,2024,9,Rio de Janeiro,Rio de Janeiro,Brazil,-22.9068,-43.1729,23.6,38,41.9,62.9,1033,Cloudy,None,Low,1.2,32,Normal,No Action
REC_1322,2023-04-08,2023,4,Paris,Ile-de-France,France,48.8566,2.3522,-4.7,79,70.2,53.3,1001,Cloudy,Landslide,Critical,2.7,51,Emergency,Evacuation Support
REC_1323,2024-08-23,2024,8,Dubai,Dubai,UAE,25.2048,55.2708,34.8,36,193.9,69.3,956,Rain,Flood,High,8.3,91,Warning,Alert Public
REC_1324,2023-07-24,2023,7,London,England,UK,51.5074,-0.1278,12.8,83,37.0,105.2,1002,Thunderstorm,Storm,Medium,1.2,64,Watch,Monitor
REC_1325,2023-10-18,2023,10,Dubai,Dubai,UAE,25.2048,55.2708,33.8,81,56.7,8.5,1041,Fog,Landslide,High,5.2,11,Warning,Alert Public
REC_1326,2024-07-05,2024,7,Cairo,Cairo,Egypt,30.0444,31.2357,24.8,97,42.1,82.8,996,Rain,Cyclone,Medium,3.2,82,Watch,Monitor
REC_1327,2024-06-25,2024,6,Singapore,Singapore,Singapore,1.3521,103.8198,-0.2,25,66.5,29.2,993,Thunderstorm,Cyclone,Critical,6.6,26,Emergency,Evacuation Support
REC_1328,2024-01-27,2024,1,Cape Town,Western Cape,South Africa,-33.9249,18.4241,5.4,23,174.8,72.6,1046,Thunderstorm,None,Low,7.6,45,Normal,No Action
REC_1329,2023-06-08,2023,6,Singapore,Singapore,Singapore,1.3521,103.8198,23.9,10,180.5,2.7,1004,Thunderstorm,Flood,Critical,8.1,85,Emergency,Evacuation Support
REC_1330,2023-08-31,2023,8,Dubai,Dubai,UAE,25.2048,55.2708,-0.4,46,162.9,43.2,958,Clear,None,Low,7.7,82,Normal,No Action
REC_1331,2023-10-09,2023,10,Tokyo,Tokyo,Japan,35.6762,139.6503,2.5,11,140.3,50.2,951,Snow,None,Low,6.5,74,Normal,No Action
REC_1332,2023-12-01,2023,12,London,England,UK,51.5074,-0.1278,5.5,54,94.0,58.2,998,Clear,Heatwave,Medium,7.8,59,Watch,Monitor
REC_1333,2023-06-08,2023,6,Beijing,Beijing,China,39.9042,116.4074,0.5,36,81.6,5.6,1018,Fog,Landslide,High,3.5,32,Warning,Alert Public
REC_1334,2023-08-25,2023,8,Mumbai,Maharashtra,India,19.076,72.8777,13.8,19,178.5,47.8,1048,Cloudy,None,Low,4.6,72,Normal,No Action
REC_1335,2023-05-31,2023,5,Paris,Ile-de-France,France,48.8566,2.3522,30.3,65,146.0,51.1,1049,Snow,Landslide,Critical,6.7,26,Emergency,Evacuation Support
REC_1336,2024-08-29,2024,8,Moscow,Moscow,Russia,55.7558,37.6173,14.0,15,93.4,62.5,1041,Snow,None,Low,7.7,17,Normal,No Action
REC_1337,2024-09-23,2024,9,Los Angeles,California,USA,34.0522,-118.2437,19.6,72,193.9,80.4,1041,Thunderstorm,Storm,High,7.2,88,Warning,Alert Public
REC_1338,2024-10-13,2024,10,New York,New York,USA,40.7128,-74.006,-2.5,51,73.2,55.0,996,Cloudy,None,Low,8.0,10,Normal,No Action
REC_1339,2024-02-21,2024,2,Toronto,Ontario,Canada,43.651,-79.347,20.7,49,91.1,8.4,955,Rain,None,Low,0.9,39,Normal,No Action
REC_1340,2024-08-25,2024,8,London,England,UK,51.5074,-0.1278,3.1,100,17.7,92.8,994,Rain,Cyclone,Critical,7.4,86,Emergency,Evacuation Support
REC_1341,2023-10-29,2023,10,Paris,Ile-de-France,France,48.8566,2.3522,-2.8,31,13.6,21.6,953,Rain,None,Low,1.9,21,Normal,No Action
REC_1342,2024-10-07,2024,10,Sydney,NSW,Australia,-33.8688,151.2093,42.9,35,188.3,53.3,1010,Rain,Flood,Critical,9.7,73,Emergency,Evacuation Support
REC_1343,2023-03-15,2023,3,Cairo,Cairo,Egypt,30.0444,31.2357,21.0,51,161.7,81.7,985,Thunderstorm,Cyclone,High,7.4,24,Warning,Alert Public
REC_1344,2024-03-15,2024,3,Beijing,Beijing,China,39.9042,116.4074,-5.5,88,38.8,80.9,1006,Rain,Storm,High,7.4,88,Warning,Alert Public
REC_1345,2023-07-29,2023,7,London,England,UK,51.5074,-0.1278,6.8,55,60.7,107.1,976,Rain,Cyclone,Critical,4.1,40,Emergency,Evacuation Support
REC_1346,2023-07-13,2023,7,Tokyo,Tokyo,Japan,35.6762,139.6503,12.9,14,159.3,109.0,986,Rain,Cyclone,Critical,0.9,45,Emergency,Evacuation Support
REC_1347,2024-09-30,2024,9,Tokyo,Tokyo,Japan,35.6762,139.6503,36.4,10,191.6,21.4,988,Snow,None,Low,1.6,83,Normal,No Action
REC_1348,2023-06-03,2023,6,Beijing,Beijing,China,39.9042,116.4074,31.1,77,92.7,68.9,1047,Snow,None,Low,4.3,75,Normal,No Action
REC_1349,2024-08-16,2024,8,New York,New York,USA,40.7128,-74.006,29.5,15,130.4,90.5,966,Thunderstorm,Storm,Medium,8.0,26,Watch,Monitor
REC_1350,2023-07-25,2023,7,Cape Town,Western Cape,South Africa,-33.9249,18.4241,27.0,29,196.8,111.3,987,Thunderstorm,Cyclone,Critical,5.3,68,Emergency,Evacuation Support
REC_1351,2023-01-07,2023,1,Tokyo,Tokyo,Japan,35.6762,139.6503,44.6,65,153.0,41.5,1012,Clear,Heatwave,Medium,0.9,36,Watch,Monitor
REC_1352,2024-01-13,2024,1,Cairo,Cairo,Egypt,30.0444,31.2357,34.6,91,15.5,78.1,985,Cloudy,None,Low,9.6,23,Normal,No Action
REC_1353,2023-06-27,2023,6,Beijing,Beijing,China,39.9042,116.4074,10.3,53,95.4,20.3,1006,Snow,Landslide,Medium,6.8,56,Watch,Monitor
REC_1354,2023-07-02,2023,7,Dubai,Dubai,UAE,25.2048,55.2708,29.2,91,186.9,57.7,1048,Thunderstorm,None,Low,7.9,16,Normal,No Action
REC_1355,2024-02-23,2024,2,Paris,Ile-de-France,France,48.8566,2.3522,9.5,28,139.2,119.5,958,Rain,Cyclone,Medium,2.8,71,Watch,Monitor
REC_1356,2024-11-22,2024,11,Mumbai,Maharashtra,India,19.076,72.8777,15.0,18,59.9,99.7,1042,Thunderstorm,Storm,Critical,3.2,83,Emergency,Evacuation Support
REC_1357,2023-06-16,2023,6,New York,New York,USA,40.7128,-74.006,10.8,16,9.4,87.2,1037,Thunderstorm,Cyclone,Critical,5.4,64,Emergency,Evacuation Support
REC_1358,2023-06-18,2023,6,Cape Town,Western Cape,South Africa,-33.9249,18.4241,21.5,45,21.8,105.4,985,Thunderstorm,Cyclone,Medium,6.2,56,Watch,Monitor
REC_1359,2024-07-08,2024,7,Los Angeles,California,USA,34.0522,-118.2437,2.1,26,96.0,32.9,1025,Fog,Landslide,High,7.7,59,Warning,Alert Public
REC_1360,2023-02-18,2023,2,Cairo,Cairo,Egypt,30.0444,31.2357,44.4,43,63.4,32.9,982,Snow,None,Low,6.3,79,Normal,No Action
REC_1361,2023-05-20,2023,5,Dubai,Dubai,UAE,25.2048,55.2708,17.5,70,22.7,31.2,1033,Cloudy,None,Low,2.4,62,Normal,No Action
REC_1362,2024-04-29,2024,4,Sydney,NSW,Australia,-33.8688,151.2093,-4.6,34,11.5,74.4,1029,Thunderstorm,Landslide,High,1.2,41,Warning,Alert Public
REC_1363,2024-03-07,2024,3,Moscow,Moscow,Russia,55.7558,37.6173,30.7,97,135.1,38.0,983,Snow,Landslide,High,6.0,87,Warning,Alert Public
REC_1364,2023-11-18,2023,11,London,England,UK,51.5074,-0.1278,18.6,96,139.2,57.9,975,Thunderstorm,Flood,High,9.8,25,Warning,Alert Public
REC_1365,2024-04-12,2024,4,New York,New York,USA,40.7128,-74.006,43.9,33,38.7,39.2,1012,Rain,Cyclone,High,0.6,87,Warning,Alert Public
REC_1366,2024-01-17,2024,1,Dubai,Dubai,UAE,25.2048,55.2708,42.7,30,27.4,14.8,1037,Thunderstorm,None,Low,6.5,87,Normal,No Action
REC_1367,2024-07-20,2024,7,Dubai,Dubai,UAE,25.2048,55.2708,34.4,72,126.5,117.8,1002,Rain,Flood,Medium,9.5,27,Watch,Monitor
REC_1368,2024-08-23,2024,8,Toronto,Ontario,Canada,43.651,-79.347,40.7,78,138.0,96.3,1001,Clear,Heatwave,Critical,4.0,90,Emergency,Evacuation Support
REC_1369,2024-06-26,2024,6,Los Angeles,California,USA,34.0522,-118.2437,39.5,100,57.8,29.7,1006,Clear,Heatwave,Medium,1.9,23,Watch,Monitor
REC_1370,2024-04-17,2024,4,London,England,UK,51.5074,-0.1278,-6.2,32,74.2,60.0,950,Clear,None,Low,8.1,31,Normal,No Action
REC_1371,2023-10-19,2023,10,Cairo,Cairo,Egypt,30.0444,31.2357,19.3,11,131.4,7.1,1045,Rain,None,Low,2.9,91,Normal,No Action
REC_1372,2024-03-25,2024,3,London,England,UK,51.5074,-0.1278,2.9,41,123.1,63.0,975,Clear,None,Low,3.2,59,Normal,No Action
REC_1373,2023-04-15,2023,4,Sydney,NSW,Australia,-33.8688,151.2093,0.8,63,115.6,72.5,1013,Thunderstorm,Flood,High,7.8,30,Warning,Alert Public
REC_1374,2023-02-10,2023,2,Beijing,Beijing,China,39.9042,116.4074,23.1,98,83.6,15.2,997,Clear,Heatwave,Critical,5.5,17,Emergency,Evacuation Support
REC_1375,2024-06-16,2024,6,Dubai,Dubai,UAE,25.2048,55.2708,26.3,52,165.1,9.9,978,Thunderstorm,Flood,Critical,8.7,40,Emergency,Evacuation Support
REC_1376,2024-07-05,2024,7,New York,New York,USA,40.7128,-74.006,6.4,71,176.3,45.1,953,Clear,Landslide,Medium,1.9,48,Watch,Monitor
REC_1377,2024-06-08,2024,6,Singapore,Singapore,Singapore,1.3521,103.8198,28.3,38,141.7,15.3,1015,Fog,None,Low,0.7,50,Normal,No Action
REC_1378,2024-02-04,2024,2,Mumbai,Maharashtra,India,19.076,72.8777,27.5,34,94.1,30.3,984,Fog,Landslide,Critical,1.5,83,Emergency,Evacuation Support
REC_1379,2023-12-20,2023,12,New York,New York,USA,40.7128,-74.006,38.6,92,188.2,22.7,979,Clear,Heatwave,Critical,1.9,64,Emergency,Evacuation Support
REC_1380,2024-08-05,2024,8,Los Angeles,California,USA,34.0522,-118.2437,15.7,97,62.8,14.2,999,Clear,Landslide,Critical,6.0,19,Emergency,Evacuation Support
REC_1381,2023-11-15,2023,11,Sydney,NSW,Australia,-33.8688,151.2093,37.2,46,145.6,8.0,984,Clear,None,Low,6.2,30,Normal,No Action
REC_1382,2024-07-04,2024,7,Mumbai,Maharashtra,India,19.076,72.8777,14.1,31,66.6,45.8,978,Rain,Landslide,Critical,9.1,61,Emergency,Evacuation Support
REC_1383,2024-11-29,2024,11,Dubai,Dubai,UAE,25.2048,55.2708,9.6,23,117.5,88.3,981,Thunderstorm,Flood,Medium,8.4,38,Watch,Monitor
REC_1384,2024-11-08,2024,11,Dubai,Dubai,UAE,25.2048,55.2708,28.5,29,84.0,4.7,984,Rain,None,Low,6.9,15,Normal,No Action
REC_1385,2024-06-29,2024,6,Rio de Janeiro,Rio de Janeiro,Brazil,-22.9068,-43.1729,8.6,42,112.1,95.4,1004,Thunderstorm,Cyclone,High,2.0,64,Warning,Alert Public
REC_1386,2024-11-26,2024,11,Cairo,Cairo,Egypt,30.0444,31.2357,7.5,39,100.3,99.4,1001,Rain,Storm,Medium,6.4,52,Watch,Monitor
REC_1387,2023-03-07,2023,3,Toronto,Ontario,Canada,43.651,-79.347,14.6,87,97.3,1.2,1014,Thunderstorm,Storm,Medium,3.0,66,Watch,Monitor
REC_1388,2023-07-28,2023,7,Moscow,Moscow,Russia,55.7558,37.6173,-2.0,52,4.2,72.1,1016,Thunderstorm,None,Low,1.6,58,Normal,No Action
REC_1389,2024-09-23,2024,9,Mumbai,Maharashtra,India,19.076,72.8777,-9.7,90,12.7,18.7,982,Fog,None,Low,7.1,71,Normal,No Action
REC_1390,2023-05-20,2023,5,Toronto,Ontario,Canada,43.651,-79.347,41.2,56,93.1,14.2,1026,Fog,None,Low,1.1,17,Normal,No Action
REC_1391,2023-06-19,2023,6,Moscow,Moscow,Russia,55.7558,37.6173,30.8,50,80.7,66.6,1030,Snow,None,Low,5.2,5,Normal,No Action
REC_1392,2024-11-06,2024,11,New York,New York,USA,40.7128,-74.006,12.4,73,166.8,79.8,996,Clear,Landslide,Critical,7.8,52,Emergency,Evacuation Support
REC_1393,2024-01-01,2024,1,Mumbai,Maharashtra,India,19.076,72.8777,36.2,85,192.6,85.0,1002,Thunderstorm,Cyclone,Medium,3.8,58,Watch,Monitor
REC_1394,2024-05-29,2024,5,Rio de Janeiro,Rio de Janeiro,Brazil,-22.9068,-43.1729,14.7,97,72.6,8.8,989,Cloudy,None,Low,8.2,46,Normal,No Action
REC_1395,2024-05-15,2024,5,Moscow,Moscow,Russia,55.7558,37.6173,24.9,81,115.9,100.6,982,Rain,Storm,Critical,2.6,52,Emergency,Evacuation Support
REC_1396,2023-11-09,2023,11,Mumbai,Maharashtra,India,19.076,72.8777,4.1,47,133.6,18.2,1022,Thunderstorm,None,Low,2.9,8,Normal,No Action
REC_1397,2024-04-15,2024,4,Sydney,NSW,Australia,-33.8688,151.2093,-4.7,95,102.2,45.9,973,Fog,None,Low,5.8,42,Normal,No Action
REC_1398,2023-07-03,2023,7,Cape Town,Western Cape,South Africa,-33.9249,18.4241,35.6,13,51.5,105.1,989,Thunderstorm,Cyclone,Critical,2.3,82,Emergency,Evacuation Support
REC_1399,2024-01-19,2024,1,New York,New York,USA,40.7128,-74.006,19.2,77,40.4,42.7,993,Cloudy,None,Low,1.4,17,Normal,No Action
REC_1400,2024-04-07,2024,4,Dubai,Dubai,UAE,25.2048,55.2708,35.2,60,155.8,2.7,1037,Thunderstorm,Cyclone,Critical,3.3,92,Emergency,Evacuation Support
REC_1401,2023-04-06,2023,4,Cape Town,Western Cape,South Africa,-33.9249,18.4241,28.2,95,142.4,84.0,1000,Thunderstorm,Storm,High,4.9,80,Warning,Alert Public
REC_1402,2023-01-07,2023,1,Mumbai,Maharashtra,India,19.076,72.8777,-0.9,18,122.9,94.4,1029,Rain,Storm,Medium,5.8,62,Watch,Monitor
REC_1403,2023-03-01,2023,3,Tokyo,Tokyo,Japan,35.6762,139.6503,5.9,43,185.2,105.6,974,Rain,Cyclone,Critical,7.4,94,Emergency,Evacuation Support
REC_1404,2024-08-01,2024,8,London,England,UK,51.5074,-0.1278,-2.4,96,7.9,92.0,1011,Thunderstorm,Storm,Critical,2.9,9,Emergency,Evacuation Support
REC_1405,2024-09-05,2024,9,Toronto,Ontario,Canada,43.651,-79.347,-2.3,63,33.7,2.2,963,Cloudy,None,Low,8.0,34,Normal,No Action
REC_1406,2023-04-16,2023,4,Sydney,NSW,Australia,-33.8688,151.2093,21.1,54,191.9,8.4,1017,Snow,None,Low,2.2,55,Normal,No Action
REC_1407,2023-07-09,2023,7,Sydney,NSW,Australia,-33.8688,151.2093,29.9,49,42.6,91.4,963,Thunderstorm,Cyclone,Medium,8.0,84,Watch,Monitor
REC_1408,2023-10-28,2023,10,Rio de Janeiro,Rio de Janeiro,Brazil,-22.9068,-43.1729,30.0,57,25.8,74.0,958,Snow,None,Low,8.6,52,Normal,No Action
REC_1409,2024-12-22,2024,12,Cairo,Cairo,Egypt,30.0444,31.2357,16.4,42,38.8,88.2,966,Rain,Cyclone,High,0.9,91,Warning,Alert Public
REC_1410,2023-08-28,2023,8,New York,New York,USA,40.7128,-74.006,-3.7,15,81.2,51.1,953,Cloudy,None,Low,3.2,12,Normal,No Action
REC_1411,2024-03-26,2024,3,New York,New York,USA,40.7128,-74.006,5.6,27,74.3,92.0,1007,Rain,Storm,High,6.7,83,Warning,Alert Public
REC_1412,2024-11-22,2024,11,Beijing,Beijing,China,39.9042,116.4074,11.9,42,11.2,62.0,953,Thunderstorm,Landslide,Critical,3.2,74,Emergency,Evacuation Support
REC_1413,2023-11-21,2023,11,Los Angeles,California,USA,34.0522,-118.2437,21.3,96,91.9,39.2,993,Fog,Landslide,Critical,1.1,31,Emergency,Evacuation Support
REC_1414,2023-07-29,2023,7,Dubai,Dubai,UAE,25.2048,55.2708,35.5,31,13.3,103.2,1045,Rain,Storm,Critical,1.5,21,Emergency,Evacuation Support
REC_1415,2024-01-21,2024,1,Rio de Janeiro,Rio de Janeiro,Brazil,-22.9068,-43.1729,-1.5,99,11.6,39.7,1022,Fog,None,Low,3.1,46,Normal,No Action
REC_1416,2023-03-18,2023,3,Los Angeles,California,USA,34.0522,-118.2437,17.3,74,56.6,114.4,1004,Thunderstorm,Storm,High,0.6,95,Warning,Alert Public
REC_1417,2024-06-17,2024,6,Tokyo,Tokyo,Japan,35.6762,139.6503,17.9,81,186.4,110.3,980,Thunderstorm,Cyclone,Critical,2.7,8,Emergency,Evacuation Support
REC_1418,2023-08-13,2023,8,Toronto,Ontario,Canada,43.651,-79.347,14.7,76,111.7,93.8,1000,Thunderstorm,Flood,Critical,9.2,46,Emergency,Evacuation Support
REC_1419,2024-04-12,2024,4,Paris,Ile-de-France,France,48.8566,2.3522,43.8,34,191.5,58.3,988,Clear,Landslide,Medium,0.9,79,Watch,Monitor
REC_1420,2024-07-09,2024,7,Tokyo,Tokyo,Japan,35.6762,139.6503,13.7,23,132.4,85.7,965,Thunderstorm,Cyclone,Medium,4.7,88,Watch,Monitor
REC_1421,2023-01-06,2023,1,New York,New York,USA,40.7128,-74.006,43.0,60,38.5,69.7,998,Fog,None,Low,7.7,24,Normal,No Action
REC_1422,2024-12-23,2024,12,Los Angeles,California,USA,34.0522,-118.2437,15.6,41,29.3,26.6,1026,Clear,Drought,Medium,3.9,52,Watch,Monitor
REC_1423,2023-09-29,2023,9,Cape Town,Western Cape,South Africa,-33.9249,18.4241,12.7,61,61.6,36.1,958,Rain,None,Low,8.7,74,Normal,No Action
REC_1424,2023-11-27,2023,11,Toronto,Ontario,Canada,43.651,-79.347,-6.2,30,144.6,7.8,1050,Clear,Heatwave,Medium,5.5,84,Watch,Monitor
REC_1425,2023-09-08,2023,9,Mumbai,Maharashtra,India,19.076,72.8777,-0.1,81,185.3,61.3,950,Thunderstorm,None,Low,0.7,83,Normal,No Action
REC_1426,2024-02-06,2024,2,Cape Town,Western Cape,South Africa,-33.9249,18.4241,11.3,26,128.2,84.4,974,Rain,Flood,Medium,9.5,45,Watch,Monitor
REC_1427,2023-09-06,2023,9,Los Angeles,California,USA,34.0522,-118.2437,24.8,46,64.1,59.7,965,Thunderstorm,None,Low,2.4,88,Normal,No Action
REC_1428,2024-03-26,2024,3,Beijing,Beijing,China,39.9042,116.4074,-2.7,95,134.3,60.2,962,Fog,None,Low,7.9,17,Normal,No Action
REC_1429,2024-12-16,2024,12,Beijing,Beijing,China,39.9042,116.4074,7.2,75,163.7,103.1,1027,Thunderstorm,Cyclone,Critical,4.1,89,Emergency,Evacuation Support
REC_1430,2024-07-05,2024,7,Moscow,Moscow,Russia,55.7558,37.6173,-5.7,25,172.8,49.3,975,Rain,Flood,Medium,9.4,34,Watch,Monitor
REC_1431,2024-12-15,2024,12,Toronto,Ontario,Canada,43.651,-79.347,43.7,62,192.4,42.2,1003,Clear,Heatwave,Medium,3.3,31,Watch,Monitor
REC_1432,2023-12-12,2023,12,Mumbai,Maharashtra,India,19.076,72.8777,-9.9,41,49.5,75.4,957,Clear,None,Low,1.0,55,Normal,No Action
REC_1433,2024-04-16,2024,4,Mumbai,Maharashtra,India,19.076,72.8777,-8.9,47,28.9,74.8,1045,Fog,None,Low,9.8,49,Normal,No Action
REC_1434,2024-11-29,2024,11,Cairo,Cairo,Egypt,30.0444,31.2357,-5.2,51,188.5,15.3,984,Clear,Landslide,Critical,6.4,37,Emergency,Evacuation Support
REC_1435,2023-04-23,2023,4,Dubai,Dubai,UAE,25.2048,55.2708,6.0,20,82.9,31.6,997,Clear,Heatwave,Critical,7.6,50,Emergency,Evacuation Support
REC_1436,2024-02-12,2024,2,Moscow,Moscow,Russia,55.7558,37.6173,44.6,99,196.3,110.5,1003,Thunderstorm,Flood,Medium,9.4,43,Watch,Monitor
REC_1437,2023-06-09,2023,6,Mumbai,Maharashtra,India,19.076,72.8777,20.8,85,124.3,69.9,1011,Rain,None,Low,7.8,42,Normal,No Action
REC_1438,2024-12-10,2024,12,Sydney,NSW,Australia,-33.8688,151.2093,-2.8,54,135.3,95.8,968,Thunderstorm,Storm,Medium,4.7,20,Watch,Monitor
REC_1439,2024-08-20,2024,8,Cape Town,Western Cape,South Africa,-33.9249,18.4241,16.0,40,164.6,29.4,1032,Fog,None,Low,3.5,34,Normal,No Action
REC_1440,2024-12-26,2024,12,Tokyo,Tokyo,Japan,35.6762,139.6503,2.4,56,176.1,80.7,1040,Rain,Cyclone,Medium,3.9,21,Watch,Monitor
REC_1441,2023-09-01,2023,9,Toronto,Ontario,Canada,43.651,-79.347,42.0,87,160.9,108.1,1011,Clear,Heatwave,Critical,6.6,54,Emergency,Evacuation Support
REC_1442,2023-11-01,2023,11,Los Angeles,California,USA,34.0522,-118.2437,37.8,62,58.2,99.6,995,Rain,Cyclone,High,0.7,62,Warning,Alert Public
REC_1443,2023-12-01,2023,12,Beijing,Beijing,China,39.9042,116.4074,0.5,36,66.3,27.6,974,Rain,Landslide,High,9.7,65,Warning,Alert Public
REC_1444,2024-05-09,2024,5,Mumbai,Maharashtra,India,19.076,72.8777,-9.4,11,74.0,60.1,978,Snow,None,Low,7.2,74,Normal,No Action
REC_1445,2023-04-01,2023,4,Toronto,Ontario,Canada,43.651,-79.347,6.9,29,86.1,84.3,1010,Thunderstorm,Storm,Critical,1.9,67,Emergency,Evacuation Support
REC_1446,2023-07-18,2023,7,Dubai,Dubai,UAE,25.2048,55.2708,-3.7,83,17.8,85.3,1022,Rain,Cyclone,High,7.5,14,Warning,Alert Public
REC_1447,2024-11-13,2024,11,Singapore,Singapore,Singapore,1.3521,103.8198,-8.4,89,74.8,30.9,1034,Rain,Flood,Medium,9.7,77,Watch,Monitor
REC_1448,2023-03-24,2023,3,New York,New York,USA,40.7128,-74.006,42.5,82,26.0,59.5,994,Clear,Heatwave,Medium,5.0,71,Watch,Monitor
REC_1449,2023-09-15,2023,9,Dubai,Dubai,UAE,25.2048,55.2708,41.7,85,1.0,55.2,1010,Clear,Heatwave,Medium,7.8,41,Watch,Monitor
REC_1450,2024-05-04,2024,5,Singapore,Singapore,Singapore,1.3521,103.8198,41.7,66,32.9,68.2,1010,Clear,Heatwave,Critical,6.7,91,Emergency,Evacuation Support
REC_1451,2023-09-03,2023,9,Toronto,Ontario,Canada,43.651,-79.347,36.2,30,12.3,71.4,959,Rain,None,Low,4.5,57,Normal,No Action
REC_1452,2024-11-09,2024,11,Beijing,Beijing,China,39.9042,116.4074,10.9,12,194.7,91.2,971,Thunderstorm,Cyclone,Critical,7.5,67,Emergency,Evacuation Support
REC_1453,2024-07-11,2024,7,Cairo,Cairo,Egypt,30.0444,31.2357,30.6,17,189.7,19.1,1032,Rain,Flood,Critical,8.1,78,Emergency,Evacuation Support
REC_1454,2023-02-23,2023,2,Beijing,Beijing,China,39.9042,116.4074,-6.1,60,86.6,43.3,1038,Clear,None,Low,9.3,58,Normal,No Action
REC_1455,2023-11-03,2023,11,Paris,Ile-de-France,France,48.8566,2.3522,-6.9,95,37.4,6.1,961,Snow,None,Low,1.4,79,Normal,No Action
REC_1456,2023-07-10,2023,7,Paris,Ile-de-France,France,48.8566,2.3522,40.1,89,148.5,19.5,996,Rain,Flood,High,8.5,75,Warning,Alert Public
REC_1457,2024-09-22,2024,9,London,England,UK,51.5074,-0.1278,0.0,90,92.6,101.6,974,Rain,Storm,High,2.4,13,Warning,Alert Public
REC_1458,2023-07-31,2023,7,Tokyo,Tokyo,Japan,35.6762,139.6503,1.2,32,69.5,30.3,971,Thunderstorm,None,Low,4.6,20,Normal,No Action
REC_1459,2023-05-15,2023,5,Singapore,Singapore,Singapore,1.3521,103.8198,23.8,39,29.5,57.1,958,Rain,None,Low,9.2,88,Normal,No Action
REC_1460,2023-12-11,2023,12,Tokyo,Tokyo,Japan,35.6762,139.6503,-9.4,16,189.2,106.1,1022,Thunderstorm,Cyclone,Critical,6.5,55,Emergency,Evacuation Support
REC_1461,2023-04-09,2023,4,Mumbai,Maharashtra,India,19.076,72.8777,-2.9,47,26.2,24.3,1037,Thunderstorm,Flood,Critical,2.2,67,Emergency,Evacuation Support
REC_1462,2024-11-08,2024,11,Cairo,Cairo,Egypt,30.0444,31.2357,37.1,73,153.0,38.3,1039,Rain,Flood,Critical,9.8,79,Emergency,Evacuation Support
REC_1463,2024-09-10,2024,9,Toronto,Ontario,Canada,43.651,-79.347,-7.9,83,79.4,27.1,1033,Rain,None,Low,1.1,30,Normal,No Action
REC_1464,2024-03-21,2024,3,Singapore,Singapore,Singapore,1.3521,103.8198,40.9,65,47.5,65.6,1018,Clear,Heatwave,Medium,8.5,67,Watch,Monitor
REC_1465,2023-05-17,2023,5,London,England,UK,51.5074,-0.1278,18.2,43,53.5,24.5,1009,Clear,None,Low,3.6,17,Normal,No Action
REC_1466,2024-07-24,2024,7,Sydney,NSW,Australia,-33.8688,151.2093,19.0,92,41.8,18.6,1029,Rain,None,Low,2.0,92,Normal,No Action
REC_1467,2024-04-08,2024,4,Mumbai,Maharashtra,India,19.076,72.8777,32.1,28,194.1,115.6,997,Rain,Flood,Medium,9.9,72,Watch,Monitor
REC_1468,2024-03-14,2024,3,Toronto,Ontario,Canada,43.651,-79.347,5.8,90,168.1,62.7,985,Rain,Flood,Medium,4.3,44,Watch,Monitor
REC_1469,2023-03-10,2023,3,Paris,Ile-de-France,France,48.8566,2.3522,22.6,62,141.0,43.6,1022,Fog,None,Low,7.3,24,Normal,No Action
REC_1470,2024-09-11,2024,9,Singapore,Singapore,Singapore,1.3521,103.8198,18.9,97,38.6,108.9,957,Thunderstorm,Storm,Medium,7.4,19,Watch,Monitor
REC_1471,2023-09-17,2023,9,Tokyo,Tokyo,Japan,35.6762,139.6503,2.4,43,59.7,105.0,982,Thunderstorm,Cyclone,Medium,4.3,41,Watch,Monitor
REC_1472,2023-05-23,2023,5,Singapore,Singapore,Singapore,1.3521,103.8198,16.5,96,32.1,87.2,968,Thunderstorm,Storm,Medium,1.2,58,Watch,Monitor
REC_1473,2024-06-26,2024,6,Cairo,Cairo,Egypt,30.0444,31.2357,-2.0,93,127.3,94.8,973,Thunderstorm,Cyclone,Medium,3.9,40,Watch,Monitor
REC_1474,2023-01-21,2023,1,Mumbai,Maharashtra,India,19.076,72.8777,21.5,81,12.3,88.3,1038,Thunderstorm,Cyclone,High,6.8,34,Warning,Alert Public
REC_1475,2023-05-12,2023,5,Los Angeles,California,USA,34.0522,-118.2437,37.0,33,96.1,26.0,960,Cloudy,None,Low,8.8,30,Normal,No Action
REC_1476,2024-06-07,2024,6,Singapore,Singapore,Singapore,1.3521,103.8198,7.8,30,179.5,7.1,965,Rain,Flood,Critical,10.0,89,Emergency,Evacuation Support
REC_1477,2024-03-06,2024,3,Cairo,Cairo,Egypt,30.0444,31.2357,-7.0,59,7.3,76.5,1019,Fog,None,Low,3.7,92,Normal,No Action
REC_1478,2023-05-24,2023,5,Moscow,Moscow,Russia,55.7558,37.6173,-5.1,26,169.2,102.6,970,Thunderstorm,Storm,High,5.6,18,Warning,Alert Public
REC_1479,2023-04-05,2023,4,Mumbai,Maharashtra,India,19.076,72.8777,12.7,40,158.9,96.4,982,Rain,Flood,Critical,8.5,29,Emergency,Evacuation Support
REC_1480,2023-08-08,2023,8,Cape Town,Western Cape,South Africa,-33.9249,18.4241,-7.4,58,185.5,72.1,964,Snow,Landslide,High,2.1,35,Warning,Alert Public
REC_1481,2023-03-23,2023,3,Dubai,Dubai,UAE,25.2048,55.2708,25.8,85,72.2,21.4,1023,Rain,None,Low,2.0,44,Normal,No Action
REC_1482,2023-11-18,2023,11,Singapore,Singapore,Singapore,1.3521,103.8198,20.0,87,36.8,116.4,1030,Thunderstorm,Storm,Critical,9.7,60,Emergency,Evacuation Support
REC_1483,2024-10-23,2024,10,Moscow,Moscow,Russia,55.7558,37.6173,27.1,70,71.0,57.7,972,Rain,Landslide,Critical,6.4,59,Emergency,Evacuation Support
REC_1484,2023-05-28,2023,5,Sydney,NSW,Australia,-33.8688,151.2093,24.2,78,95.1,88.6,959,Thunderstorm,Cyclone,Medium,9.1,35,Watch,Monitor
REC_1485,2023-04-29,2023,4,Los Angeles,California,USA,34.0522,-118.2437,20.8,96,82.9,112.6,993,Thunderstorm,Cyclone,High,2.1,41,Warning,Alert Public
REC_1486,2024-04-22,2024,4,Rio de Janeiro,Rio de Janeiro,Brazil,-22.9068,-43.1729,-4.3,17,127.4,51.5,1034,Clear,None,Low,0.7,64,Normal,No Action
REC_1487,2023-05-03,2023,5,Cape Town,Western Cape,South Africa,-33.9249,18.4241,5.0,94,27.2,69.8,1032,Clear,None,Low,8.8,12,Normal,No Action
REC_1488,2023-08-01,2023,8,Beijing,Beijing,China,39.9042,116.4074,39.4,48,2.0,74.6,974,Clear,Drought,High,0.9,13,Warning,Alert Public
REC_1489,2024-06-03,2024,6,Beijing,Beijing,China,39.9042,116.4074,20.6,47,2.6,58.4,953,Fog,None,Low,2.1,67,Normal,No Action
REC_1490,2024-02-22,2024,2,London,England,UK,51.5074,-0.1278,34.0,87,124.8,101.1,1030,Rain,Storm,Medium,7.7,6,Watch,Monitor
REC_1491,2024-12-26,2024,12,Dubai,Dubai,UAE,25.2048,55.2708,-7.0,74,15.6,27.2,955,Fog,None,Low,1.0,11,Normal,No Action
REC_1492,2024-06-15,2024,6,Dubai,Dubai,UAE,25.2048,55.2708,40.4,20,177.0,50.6,1015,Snow,None,Low,3.5,34,Normal,No Action
REC_1493,2024-11-15,2024,11,Dubai,Dubai,UAE,25.2048,55.2708,7.0,50,107.2,69.1,956,Fog,None,Low,6.9,68,Normal,No Action
REC_1494,2024-04-03,2024,4,Mumbai,Maharashtra,India,19.076,72.8777,24.6,35,25.5,118.0,983,Rain,Cyclone,High,2.3,25,Warning,Alert Public
REC_1495,2023-08-11,2023,8,London,England,UK,51.5074,-0.1278,-5.7,14,117.9,4.8,1023,Snow,None,Low,2.9,59,Normal,No Action
REC_1496,2023-05-11,2023,5,Dubai,Dubai,UAE,25.2048,55.2708,20.8,47,37.4,39.2,1019,Rain,None,Low,7.3,60,Normal,No Action
REC_1497,2024-12-29,2024,12,Sydney,NSW,Australia,-33.8688,151.2093,25.5,65,107.6,82.9,1014,Rain,Cyclone,High,1.2,39,Warning,Alert Public
REC_1498,2023-09-16,2023,9,Los Angeles,California,USA,34.0522,-118.2437,13.3,86,190.7,83.4,1013,Thunderstorm,Storm,Medium,4.2,44,Watch,Monitor
REC_1499,2023-03-03,2023,3,Mumbai,Maharashtra,India,19.076,72.8777,41.3,53,190.0,37.4,1026,Clear,None,Low,3.9,69,Normal,No Action
REC_1500,2024-11-03,2024,11,Paris,Ile-de-France,France,48.8566,2.3522,42.6,85,49.3,67.8,1034,Clear,Heatwave,High,10.0,18,Warning,Alert Public
REC_1501,2024-07-30,2024,7,Paris,Ile-de-France,France,48.8566,2.3522,12.0,94,4.8,110.3,1025,Thunderstorm,Cyclone,High,7.8,82,Warning,Alert Public
REC_1502,2024-09-23,2024,9,Tokyo,Tokyo,Japan,35.6762,139.6503,-1.9,18,9.4,110.5,972,Rain,Cyclone,High,6.5,57,Warning,Alert Public
REC_1503,2023-12-15,2023,12,Moscow,Moscow,Russia,55.7558,37.6173,-8.7,38,179.9,50.8,1049,Cloudy,None,Low,2.7,10,Normal,No Action
REC_1504,2023-06-09,2023,6,Sydney,NSW,Australia,-33.8688,151.2093,0.8,64,88.8,94.0,1016,Rain,Cyclone,Medium,8.7,28,Watch,Monitor
REC_1505,2023-08-20,2023,8,Sydney,NSW,Australia,-33.8688,151.2093,-5.7,58,69.4,88.2,967,Thunderstorm,Storm,Medium,4.2,84,Watch,Monitor
REC_1506,2023-12-15,2023,12,Sydney,NSW,Australia,-33.8688,151.2093,35.8,67,100.5,18.6,1037,Clear,Drought,Medium,7.2,51,Watch,Monitor
REC_1507,2023-11-07,2023,11,Paris,Ile-de-France,France,48.8566,2.3522,16.2,96,175.1,84.5,1035,Thunderstorm,Flood,High,8.5,64,Warning,Alert Public
REC_1508,2023-12-11,2023,12,Rio de Janeiro,Rio de Janeiro,Brazil,-22.9068,-43.1729,5.5,63,73.6,61.3,1040,Rain,None,Low,4.9,73,Normal,No Action
REC_1509,2023-02-26,2023,2,Cairo,Cairo,Egypt,30.0444,31.2357,14.1,39,107.1,92.9,1028,Rain,Cyclone,Critical,4.9,7,Emergency,Evacuation Support
REC_1510,2024-03-20,2024,3,Cape Town,Western Cape,South Africa,-33.9249,18.4241,33.9,15,91.6,84.9,999,Thunderstorm,Storm,Medium,0.6,15,Watch,Monitor
REC_1511,2023-09-18,2023,9,Tokyo,Tokyo,Japan,35.6762,139.6503,17.6,79,189.6,31.0,987,Snow,Landslide,High,5.2,45,Warning,Alert Public
REC_1512,2024-04-12,2024,4,Sydney,NSW,Australia,-33.8688,151.2093,16.0,55,64.8,81.3,1000,Thunderstorm,Cyclone,High,5.8,47,Warning,Alert Public
REC_1513,2023-07-05,2023,7,Singapore,Singapore,Singapore,1.3521,103.8198,44.1,17,21.6,24.4,958,Rain,None,Low,4.0,45,Normal,No Action
REC_1514,2023-09-18,2023,9,Cape Town,Western Cape,South Africa,-33.9249,18.4241,-3.4,63,179.0,85.6,969,Rain,Cyclone,Medium,8.0,59,Watch,Monitor
REC_1515,2023-11-20,2023,11,Mumbai,Maharashtra,India,19.076,72.8777,42.8,80,37.7,77.3,1045,Clear,Heatwave,Medium,2.7,20,Watch,Monitor
REC_1516,2024-10-27,2024,10,London,England,UK,51.5074,-0.1278,36.2,98,193.5,52.1,1013,Fog,Landslide,High,6.6,68,Warning,Alert Public
REC_1517,2023-03-07,2023,3,Dubai,Dubai,UAE,25.2048,55.2708,-1.8,25,197.7,35.9,1011,Thunderstorm,None,Low,1.9,59,Normal,No Action
REC_1518,2023-07-13,2023,7,Sydney,NSW,Australia,-33.8688,151.2093,-9.2,37,194.7,114.7,1018,Rain,Flood,High,9.6,51,Warning,Alert Public
REC_1519,2023-02-04,2023,2,Toronto,Ontario,Canada,43.651,-79.347,11.1,31,10.9,56.5,977,Fog,None,Low,1.6,24,Normal,No Action
REC_1520,2023-11-04,2023,11,Dubai,Dubai,UAE,25.2048,55.2708,15.3,15,0.4,34.5,1000,Clear,None,Low,8.4,57,Normal,No Action
REC_1521,2024-09-21,2024,9,Rio de Janeiro,Rio de Janeiro,Brazil,-22.9068,-43.1729,39.7,78,189.5,94.8,986,Thunderstorm,Flood,Critical,8.4,89,Emergency,Evacuation Support
REC_1522,2024-10-02,2024,10,Dubai,Dubai,UAE,25.2048,55.2708,29.5,62,27.9,33.0,992,Clear,Landslide,Medium,4.9,92,Watch,Monitor
REC_1523,2024-06-03,2024,6,Paris,Ile-de-France,France,48.8566,2.3522,21.8,94,23.9,81.1,953,Thunderstorm,Storm,High,7.1,17,Warning,Alert Public
REC_1524,2024-04-01,2024,4,Singapore,Singapore,Singapore,1.3521,103.8198,-1.2,61,198.9,89.7,972,Thunderstorm,Cyclone,Medium,5.9,14,Watch,Monitor
REC_1525,2024-12-25,2024,12,Los Angeles,California,USA,34.0522,-118.2437,1.3,52,59.8,13.5,984,Fog,None,Low,0.8,49,Normal,No Action
REC_1526,2024-10-31,2024,10,Tokyo,Tokyo,Japan,35.6762,139.6503,17.6,17,187.0,14.6,1011,Thunderstorm,Flood,Critical,8.6,86,Emergency,Evacuation Support
REC_1527,2024-02-27,2024,2,London,England,UK,51.5074,-0.1278,43.8,75,199.0,19.8,990,Clear,Heatwave,High,1.0,88,Warning,Alert Public
REC_1528,2024-03-26,2024,3,Los Angeles,California,USA,34.0522,-118.2437,39.4,52,17.9,39.1,999,Clear,Drought,Critical,5.8,86,Emergency,Evacuation Support
REC_1529,2023-10-11,2023,10,Cape Town,Western Cape,South Africa,-33.9249,18.4241,-9.2,30,5.2,58.3,968,Clear,None,Low,4.1,82,Normal,No Action
REC_1530,2024-08-28,2024,8,Sydney,NSW,Australia,-33.8688,151.2093,40.5,11,173.2,69.9,990,Clear,Heatwave,High,7.4,64,Warning,Alert Public
REC_1531,2023-04-24,2023,4,Paris,Ile-de-France,France,48.8566,2.3522,36.3,50,190.3,95.6,996,Rain,Cyclone,Medium,4.4,56,Watch,Monitor
REC_1532,2023-04-09,2023,4,Moscow,Moscow,Russia,55.7558,37.6173,-7.1,51,4.9,68.7,1000,Rain,None,Low,3.8,64,Normal,No Action
REC_1533,2023-05-31,2023,5,Cape Town,Western Cape,South Africa,-33.9249,18.4241,10.3,58,102.7,101.1,1020,Thunderstorm,Storm,Medium,1.1,40,Watch,Monitor
REC_1534,2024-09-12,2024,9,London,England,UK,51.5074,-0.1278,19.6,15,150.3,27.2,1011,Clear,Heatwave,Critical,5.6,78,Emergency,Evacuation Support
REC_1535,2024-09-24,2024,9,Los Angeles,California,USA,34.0522,-118.2437,40.7,25,37.6,27.9,965,Rain,None,Low,3.0,82,Normal,No Action
REC_1536,2024-11-11,2024,11,Cape Town,Western Cape,South Africa,-33.9249,18.4241,-7.6,85,114.6,53.3,972,Thunderstorm,None,Low,7.2,19,Normal,No Action
REC_1537,2024-10-29,2024,10,Cape Town,Western Cape,South Africa,-33.9249,18.4241,-6.4,75,131.8,52.0,1027,Clear,Drought,High,3.5,56,Warning,Alert Public
REC_1538,2023-01-03,2023,1,Dubai,Dubai,UAE,25.2048,55.2708,12.3,83,42.4,114.3,1037,Rain,Cyclone,High,5.1,90,Warning,Alert Public
REC_1539,2024-06-20,2024,6,Sydney,NSW,Australia,-33.8688,151.2093,35.7,67,165.8,115.4,1038,Thunderstorm,Cyclone,Medium,4.8,32,Watch,Monitor
REC_1540,2023-06-11,2023,6,Cape Town,Western Cape,South Africa,-33.9249,18.4241,15.7,43,192.5,75.7,1047,Snow,None,Low,1.5,41,Normal,No Action
REC_1541,2024-06-15,2024,6,Paris,Ile-de-France,France,48.8566,2.3522,17.9,57,189.0,10.8,1033,Clear,Landslide,Medium,3.9,22,Watch,Monitor
REC_1542,2023-03-04,2023,3,Beijing,Beijing,China,39.9042,116.4074,17.3,50,63.4,35.5,979,Rain,Flood,Medium,1.4,75,Watch,Monitor
REC_1543,2024-11-28,2024,11,Singapore,Singapore,Singapore,1.3521,103.8198,26.7,76,140.8,111.2,957,Thunderstorm,Storm,Medium,4.2,61,Watch,Monitor
REC_1544,2024-06-15,2024,6,Cairo,Cairo,Egypt,30.0444,31.2357,2.8,11,162.4,51.7,1026,Fog,None,Low,0.6,46,Normal,No Action
REC_1545,2023-11-28,2023,11,Rio de Janeiro,Rio de Janeiro,Brazil,-22.9068,-43.1729,26.0,59,160.6,48.3,1036,Thunderstorm,Landslide,High,7.4,43,Warning,Alert Public
REC_1546,2024-05-09,2024,5,Mumbai,Maharashtra,India,19.076,72.8777,10.7,65,31.0,16.0,958,Rain,Cyclone,Medium,1.9,38,Watch,Monitor
REC_1547,2023-10-04,2023,10,Rio de Janeiro,Rio de Janeiro,Brazil,-22.9068,-43.1729,-4.4,21,41.2,118.2,1026,Thunderstorm,Storm,High,10.0,65,Warning,Alert Public
REC_1548,2023-05-11,2023,5,Sydney,NSW,Australia,-33.8688,151.2093,-7.7,33,128.2,39.9,1004,Thunderstorm,None,Low,4.9,22,Normal,No Action
REC_1549,2023-08-12,2023,8,Cape Town,Western Cape,South Africa,-33.9249,18.4241,3.8,35,190.8,32.0,1041,Fog,None,Low,5.5,41,Normal,No Action
REC_1550,2024-12-07,2024,12,New York,New York,USA,40.7128,-74.006,40.3,80,99.8,14.1,967,Clear,Heatwave,Critical,5.9,6,Emergency,Evacuation Support
REC_1551,2023-02-24,2023,2,Beijing,Beijing,China,39.9042,116.4074,14.7,34,123.9,23.8,977,Thunderstorm,Flood,High,6.3,45,Warning,Alert Public
REC_1552,2024-03-17,2024,3,Beijing,Beijing,China,39.9042,116.4074,34.5,23,75.7,42.8,970,Clear,None,Low,6.0,39,Normal,No Action
REC_1553,2024-07-09,2024,7,Sydney,NSW,Australia,-33.8688,151.2093,43.3,58,57.4,26.1,1030,Snow,None,Low,1.0,86,Normal,No Action
REC_1554,2023-03-07,2023,3,Cape Town,Western Cape,South Africa,-33.9249,18.4241,31.3,58,60.3,104.5,1012,Thunderstorm,Cyclone,Critical,1.4,73,Emergency,Evacuation Support
REC_1555,2023-01-02,2023,1,Tokyo,Tokyo,Japan,35.6762,139.6503,22.4,48,185.4,58.6,955,Rain,Flood,Critical,8.0,67,Emergency,Evacuation Support
REC_1556,2023-06-12,2023,6,Paris,Ile-de-France,France,48.8566,2.3522,34.9,95,187.2,109.8,969,Rain,Storm,Medium,1.7,11,Watch,Monitor
REC_1557,2024-01-12,2024,1,Cape Town,Western Cape,South Africa,-33.9249,18.4241,2.8,78,118.9,35.5,1008,Cloudy,Landslide,Critical,7.4,23,Emergency,Evacuation Support
REC_1558,2024-04-30,2024,4,Cairo,Cairo,Egypt,30.0444,31.2357,13.3,20,40.4,80.7,980,Thunderstorm,Cyclone,Critical,2.4,21,Emergency,Evacuation Support
REC_1559,2023-09-27,2023,9,New York,New York,USA,40.7128,-74.006,-0.8,26,181.2,41.0,1050,Fog,Landslide,Medium,4.2,53,Watch,Monitor
REC_1560,2023-01-30,2023,1,Cairo,Cairo,Egypt,30.0444,31.2357,-2.8,50,9.7,78.3,1007,Rain,None,Low,5.0,71,Normal,No Action
REC_1561,2023-01-02,2023,1,Cairo,Cairo,Egypt,30.0444,31.2357,29.1,73,141.1,77.7,1006,Rain,None,Low,7.7,80,Normal,No Action
REC_1562,2024-11-08,2024,11,Moscow,Moscow,Russia,55.7558,37.6173,26.7,74,66.5,53.6,953,Clear,Landslide,Medium,5.9,30,Watch,Monitor
REC_1563,2023-12-13,2023,12,Cape Town,Western Cape,South Africa,-33.9249,18.4241,23.8,59,130.4,69.7,1029,Thunderstorm,Flood,Medium,5.1,82,Watch,Monitor
REC_1564,2024-01-13,2024,1,Los Angeles,California,USA,34.0522,-118.2437,37.7,26,134.6,65.1,997,Cloudy,None,Low,2.3,19,Normal,No Action
REC_1565,2023-02-13,2023,2,New York,New York,USA,40.7128,-74.006,7.1,30,45.8,49.1,955,Cloudy,None,Low,9.4,22,Normal,No Action
REC_1566,2023-09-12,2023,9,Tokyo,Tokyo,Japan,35.6762,139.6503,18.1,21,181.7,85.6,1045,Thunderstorm,Storm,Critical,4.3,49,Emergency,Evacuation Support
REC_1567,2023-09-09,2023,9,Singapore,Singapore,Singapore,1.3521,103.8198,-4.9,31,196.4,20.2,1030,Fog,None,Low,4.1,28,Normal,No Action
REC_1568,2024-07-17,2024,7,Singapore,Singapore,Singapore,1.3521,103.8198,-3.3,77,97.6,25.1,1027,Clear,Drought,High,1.7,25,Warning,Alert Public
REC_1569,2023-10-24,2023,10,Cape Town,Western Cape,South Africa,-33.9249,18.4241,35.2,82,87.4,68.4,1019,Rain,Cyclone,Critical,4.2,80,Emergency,Evacuation Support
REC_1570,2024-06-29,2024,6,Mumbai,Maharashtra,India,19.076,72.8777,12.2,55,83.7,22.0,953,Cloudy,None,Low,9.1,24,Normal,No Action
REC_1571,2023-04-20,2023,4,Beijing,Beijing,China,39.9042,116.4074,11.5,100,4.3,37.1,955,Fog,None,Low,1.6,35,Normal,No Action
REC_1572,2024-05-15,2024,5,Toronto,Ontario,Canada,43.651,-79.347,-9.9,98,173.8,113.7,1020,Thunderstorm,Storm,High,4.6,86,Warning,Alert Public
REC_1573,2024-08-24,2024,8,Cairo,Cairo,Egypt,30.0444,31.2357,18.7,74,46.9,66.2,950,Snow,None,Low,2.8,71,Normal,No Action
REC_1574,2024-06-24,2024,6,Cape Town,Western Cape,South Africa,-33.9249,18.4241,45.0,58,135.7,118.5,1038,Rain,Flood,High,8.4,50,Warning,Alert Public
REC_1575,2023-12-04,2023,12,Rio de Janeiro,Rio de Janeiro,Brazil,-22.9068,-43.1729,13.9,20,0.5,61.6,1022,Thunderstorm,Cyclone,Medium,2.1,23,Watch,Monitor
REC_1576,2023-03-03,2023,3,Beijing,Beijing,China,39.9042,116.4074,42.3,60,91.3,26.1,967,Snow,None,Low,2.0,30,Normal,No Action
REC_1577,2023-09-25,2023,9,New York,New York,USA,40.7128,-74.006,13.9,100,97.8,111.6,1010,Rain,Storm,Critical,2.6,80,Emergency,Evacuation Support
REC_1578,2023-09-01,2023,9,Singapore,Singapore,Singapore,1.3521,103.8198,29.2,83,133.1,15.3,1004,Thunderstorm,None,Low,5.7,18,Normal,No Action
REC_1579,2023-12-16,2023,12,Toronto,Ontario,Canada,43.651,-79.347,31.5,84,0.1,104.2,1003,Rain,Storm,Medium,5.5,12,Watch,Monitor
REC_1580,2023-03-26,2023,3,Cape Town,Western Cape,South Africa,-33.9249,18.4241,-1.6,91,179.2,116.6,1001,Thunderstorm,Cyclone,Critical,3.4,80,Emergency,Evacuation Support
REC_1581,2024-09-14,2024,9,Dubai,Dubai,UAE,25.2048,55.2708,-7.8,96,77.1,11.9,978,Clear,None,Low,4.5,84,Normal,No Action
REC_1582,2023-01-02,2023,1,Cape Town,Western Cape,South Africa,-33.9249,18.4241,3.3,98,111.9,8.2,954,Rain,Flood,Critical,9.0,79,Emergency,Evacuation Support
REC_1583,2023-04-12,2023,4,New York,New York,USA,40.7128,-74.006,23.3,40,193.9,34.5,1012,Thunderstorm,None,Low,6.1,93,Normal,No Action
REC_1584,2024-03-03,2024,3,Paris,Ile-de-France,France,48.8566,2.3522,43.7,40,107.1,50.9,994,Rain,None,Low,7.9,19,Normal,No Action
REC_1585,2023-06-10,2023,6,Paris,Ile-de-France,France,48.8566,2.3522,-7.6,84,13.2,35.3,960,Clear,Drought,Medium,10.0,61,Watch,Monitor
REC_1586,2024-09-23,2024,9,Paris,Ile-de-France,France,48.8566,2.3522,-5.7,33,150.0,102.0,1048,Thunderstorm,Cyclone,Critical,3.7,62,Emergency,Evacuation Support
REC_1587,2023-11-05,2023,11,Singapore,Singapore,Singapore,1.3521,103.8198,-3.0,23,166.4,76.3,1048,Fog,Landslide,High,4.0,7,Warning,Alert Public
REC_1588,2023-06-25,2023,6,Rio de Janeiro,Rio de Janeiro,Brazil,-22.9068,-43.1729,22.7,14,47.2,24.5,1007,Clear,None,Low,5.0,43,Normal,No Action
REC_1589,2023-04-30,2023,4,Cape Town,Western Cape,South Africa,-33.9249,18.4241,31.1,12,99.6,95.0,982,Thunderstorm,Cyclone,High,3.3,22,Warning,Alert Public
REC_1590,2023-07-05,2023,7,New York,New York,USA,40.7128,-74.006,36.6,69,115.4,46.1,1012,Fog,None,Low,2.7,13,Normal,No Action
REC_1591,2023-10-01,2023,10,Cape Town,Western Cape,South Africa,-33.9249,18.4241,16.8,83,152.0,28.3,959,Snow,None,Low,1.4,12,Normal,No Action
REC_1592,2023-11-15,2023,11,Paris,Ile-de-France,France,48.8566,2.3522,-4.3,79,174.7,106.5,1014,Rain,Cyclone,Medium,0.5,84,Watch,Monitor
REC_1593,2023-10-29,2023,10,Tokyo,Tokyo,Japan,35.6762,139.6503,-0.6,23,85.9,74.4,995,Clear,Drought,Critical,4.1,80,Emergency,Evacuation Support
REC_1594,2023-02-24,2023,2,Beijing,Beijing,China,39.9042,116.4074,8.9,58,186.2,69.4,962,Snow,None,Low,4.4,21,Normal,No Action
REC_1595,2023-06-23,2023,6,Sydney,NSW,Australia,-33.8688,151.2093,15.9,28,5.4,34.0,1007,Clear,Landslide,Medium,5.6,78,Watch,Monitor
REC_1596,2023-07-17,2023,7,Los Angeles,California,USA,34.0522,-118.2437,8.8,29,160.3,67.8,1043,Cloudy,None,Low,2.2,70,Normal,No Action
REC_1597,2023-03-13,2023,3,New York,New York,USA,40.7128,-74.006,8.2,11,101.0,1.4,952,Thunderstorm,Flood,High,9.3,49,Warning,Alert Public
REC_1598,2023-04-05,2023,4,New York,New York,USA,40.7128,-74.006,22.9,38,47.1,45.2,1005,Cloudy,None,Low,4.1,43,Normal,No Action
REC_1599,2023-05-26,2023,5,Tokyo,Tokyo,Japan,35.6762,139.6503,7.1,58,76.0,97.8,1017,Rain,Cyclone,Critical,8.3,47,Emergency,Evacuation Support
REC_1600,2023-09-17,2023,9,London,England,UK,51.5074,-0.1278,11.0,94,55.0,97.5,961,Thunderstorm,Storm,High,8.7,83,Warning,Alert Public
REC_1601,2023-09-21,2023,9,Cape Town,Western Cape,South Africa,-33.9249,18.4241,7.0,93,38.6,55.1,961,Snow,None,Low,8.0,71,Normal,No Action
REC_1602,2023-06-19,2023,6,Mumbai,Maharashtra,India,19.076,72.8777,28.1,33,48.9,86.7,1037,Rain,Storm,Medium,5.2,28,Watch,Monitor
REC_1603,2023-05-26,2023,5,Beijing,Beijing,China,39.9042,116.4074,-5.9,56,8.6,103.4,982,Rain,Storm,Critical,3.2,84,Emergency,Evacuation Support
REC_1604,2023-11-15,2023,11,Cairo,Cairo,Egypt,30.0444,31.2357,33.9,27,138.6,1.1,972,Cloudy,None,Low,4.6,52,Normal,No Action
REC_1605,2024-06-06,2024,6,Rio de Janeiro,Rio de Janeiro,Brazil,-22.9068,-43.1729,16.1,57,131.8,62.7,978,Clear,None,Low,1.5,70,Normal,No Action
REC_1606,2024-11-11,2024,11,Toronto,Ontario,Canada,43.651,-79.347,31.2,54,82.6,27.0,953,Clear,Heatwave,Critical,1.5,7,Emergency,Evacuation Support
REC_1607,2023-04-12,2023,4,Beijing,Beijing,China,39.9042,116.4074,31.1,65,173.1,46.9,1002,Rain,None,Low,1.0,63,Normal,No Action
REC_1608,2024-11-03,2024,11,New York,New York,USA,40.7128,-74.006,-5.4,30,157.0,6.6,989,Snow,None,Low,8.0,9,Normal,No Action
REC_1609,2023-09-09,2023,9,London,England,UK,51.5074,-0.1278,14.5,76,117.4,70.7,1037,Cloudy,None,Low,4.3,64,Normal,No Action
REC_1610,2023-02-18,2023,2,Moscow,Moscow,Russia,55.7558,37.6173,9.7,16,160.8,97.1,1027,Thunderstorm,Flood,Critical,9.2,17,Emergency,Evacuation Support
REC_1611,2024-12-21,2024,12,Cape Town,Western Cape,South Africa,-33.9249,18.4241,-9.2,94,24.3,84.1,957,Rain,Cyclone,High,3.1,31,Warning,Alert Public
REC_1612,2024-02-08,2024,2,Paris,Ile-de-France,France,48.8566,2.3522,12.5,24,73.2,20.1,958,Snow,None,Low,0.6,95,Normal,No Action
REC_1613,2023-12-19,2023,12,Tokyo,Tokyo,Japan,35.6762,139.6503,30.7,99,91.9,66.3,997,Rain,None,Low,8.4,50,Normal,No Action
REC_1614,2024-06-07,2024,6,Los Angeles,California,USA,34.0522,-118.2437,10.7,56,106.3,43.0,1045,Clear,None,Low,2.0,89,Normal,No Action
REC_1615,2023-09-20,2023,9,Beijing,Beijing,China,39.9042,116.4074,20.6,49,165.7,44.1,968,Clear,Landslide,Critical,0.9,43,Emergency,Evacuation Support
REC_1616,2023-06-01,2023,6,Moscow,Moscow,Russia,55.7558,37.6173,-5.4,53,133.0,79.8,1048,Rain,Flood,Medium,9.0,68,Watch,Monitor
REC_1617,2024-09-11,2024,9,Sydney,NSW,Australia,-33.8688,151.2093,8.9,81,136.8,78.0,990,Snow,None,Low,4.9,19,Normal,No Action
REC_1618,2023-02-02,2023,2,Los Angeles,California,USA,34.0522,-118.2437,-9.7,88,184.0,31.4,966,Rain,Storm,Critical,5.0,17,Emergency,Evacuation Support
REC_1619,2023-07-29,2023,7,Tokyo,Tokyo,Japan,35.6762,139.6503,44.0,98,101.6,80.3,1015,Clear,Heatwave,Medium,0.6,19,Watch,Monitor
REC_1620,2023-05-27,2023,5,Cape Town,Western Cape,South Africa,-33.9249,18.4241,6.3,99,194.8,85.4,975,Rain,Storm,Medium,7.1,15,Watch,Monitor
REC_1621,2023-09-01,2023,9,Los Angeles,California,USA,34.0522,-118.2437,19.8,82,135.5,73.7,996,Thunderstorm,None,Low,0.7,44,Normal,No Action
REC_1622,2024-01-31,2024,1,Paris,Ile-de-France,France,48.8566,2.3522,21.0,42,76.4,65.5,1031,Snow,None,Low,8.8,43,Normal,No Action
REC_1623,2024-12-14,2024,12,Dubai,Dubai,UAE,25.2048,55.2708,-3.1,97,49.5,27.8,978,Fog,None,Low,2.5,83,Normal,No Action
REC_1624,2024-12-07,2024,12,Paris,Ile-de-France,France,48.8566,2.3522,16.9,11,40.3,65.7,962,Rain,None,Low,7.5,32,Normal,No Action
REC_1625,2024-12-23,2024,12,Rio de Janeiro,Rio de Janeiro,Brazil,-22.9068,-43.1729,21.2,29,44.9,4.8,998,Clear,None,Low,2.6,61,Normal,No Action
REC_1626,2024-04-23,2024,4,New York,New York,USA,40.7128,-74.006,29.7,53,30.3,101.6,1016,Thunderstorm,Cyclone,Medium,2.7,58,Watch,Monitor
REC_1627,2024-01-07,2024,1,Sydney,NSW,Australia,-33.8688,151.2093,-7.6,69,2.0,6.2,950,Clear,None,Low,8.7,77,Normal,No Action
REC_1628,2024-04-29,2024,4,London,England,UK,51.5074,-0.1278,4.2,79,28.2,70.5,1044,Snow,None,Low,9.8,17,Normal,No Action
REC_1629,2024-11-06,2024,11,Paris,Ile-de-France,France,48.8566,2.3522,35.4,24,191.7,32.2,953,Rain,Flood,Medium,9.5,46,Watch,Monitor
REC_1630,2024-11-04,2024,11,Mumbai,Maharashtra,India,19.076,72.8777,-8.0,64,75.7,46.8,963,Clear,Landslide,Critical,3.0,17,Emergency,Evacuation Support
REC_1631,2024-11-12,2024,11,New York,New York,USA,40.7128,-74.006,4.1,100,59.5,99.7,957,Rain,Storm,Medium,0.6,61,Watch,Monitor
REC_1632,2023-07-30,2023,7,Mumbai,Maharashtra,India,19.076,72.8777,44.9,48,149.3,3.3,955,Clear,None,Low,2.5,83,Normal,No Action
REC_1633,2023-04-29,2023,4,Toronto,Ontario,Canada,43.651,-79.347,23.1,69,108.8,55.2,955,Rain,Flood,Medium,8.1,80,Watch,Monitor
REC_1634,2024-07-07,2024,7,Singapore,Singapore,Singapore,1.3521,103.8198,-1.2,29,40.0,93.6,978,Thunderstorm,Cyclone,Medium,7.8,17,Watch,Monitor
REC_1635,2023-10-20,2023,10,London,England,UK,51.5074,-0.1278,27.1,83,21.1,115.6,1003,Thunderstorm,Storm,Medium,3.6,95,Watch,Monitor
REC_1636,2023-01-02,2023,1,Dubai,Dubai,UAE,25.2048,55.2708,43.0,15,12.6,8.7,1011,Thunderstorm,None,Low,2.7,29,Normal,No Action
REC_1637,2023-03-19,2023,3,Los Angeles,California,USA,34.0522,-118.2437,4.9,71,193.4,73.3,951,Cloudy,Landslide,Medium,0.6,86,Watch,Monitor
REC_1638,2023-03-01,2023,3,London,England,UK,51.5074,-0.1278,39.3,24,119.4,66.2,1019,Clear,Landslide,Medium,7.7,39,Watch,Monitor
REC_1639,2024-10-02,2024,10,Sydney,NSW,Australia,-33.8688,151.2093,5.3,83,151.5,86.2,986,Thunderstorm,Flood,High,8.3,41,Warning,Alert Public
REC_1640,2023-04-02,2023,4,Paris,Ile-de-France,France,48.8566,2.3522,27.0,78,184.7,64.4,966,Cloudy,Landslide,Medium,3.3,84,Watch,Monitor
REC_1641,2023-08-28,2023,8,Cairo,Cairo,Egypt,30.0444,31.2357,26.6,75,65.9,81.8,962,Rain,Storm,High,3.0,8,Warning,Alert Public
REC_1642,2023-08-31,2023,8,Sydney,NSW,Australia,-33.8688,151.2093,8.6,74,82.8,18.0,1049,Rain,None,Low,4.4,13,Normal,No Action
REC_1643,2024-12-08,2024,12,Singapore,Singapore,Singapore,1.3521,103.8198,-4.8,17,91.0,70.1,1014,Clear,None,Low,6.9,14,Normal,No Action
REC_1644,2023-09-07,2023,9,Tokyo,Tokyo,Japan,35.6762,139.6503,20.7,15,55.7,25.3,959,Rain,None,Low,5.0,94,Normal,No Action
REC_1645,2023-06-12,2023,6,London,England,UK,51.5074,-0.1278,-3.5,65,91.1,28.0,991,Thunderstorm,Landslide,Medium,6.4,60,Watch,Monitor
REC_1646,2023-05-03,2023,5,Mumbai,Maharashtra,India,19.076,72.8777,29.7,72,188.8,109.0,954,Thunderstorm,Flood,Critical,8.7,43,Emergency,Evacuation Support
REC_1647,2024-08-02,2024,8,London,England,UK,51.5074,-0.1278,30.2,40,116.7,80.4,1000,Thunderstorm,Storm,High,5.3,44,Warning,Alert Public
REC_1648,2023-07-20,2023,7,Toronto,Ontario,Canada,43.651,-79.347,5.2,68,43.6,82.3,1030,Rain,Cyclone,Medium,3.8,31,Watch,Monitor
REC_1649,2023-02-01,2023,2,Sydney,NSW,Australia,-33.8688,151.2093,25.6,32,157.7,2.5,1047,Clear,None,Low,1.2,71,Normal,No Action
REC_1650,2024-02-24,2024,2,Toronto,Ontario,Canada,43.651,-79.347,-6.7,43,51.1,19.3,1030,Clear,Landslide,Medium,3.2,16,Watch,Monitor
REC_1651,2024-04-20,2024,4,Moscow,Moscow,Russia,55.7558,37.6173,9.7,36,67.8,23.2,1009,Fog,None,Low,4.3,55,Normal,No Action
REC_1652,2024-10-31,2024,10,Beijing,Beijing,China,39.9042,116.4074,28.7,36,164.1,56.6,972,Cloudy,Landslide,High,6.0,31,Warning,Alert Public
REC_1653,2023-07-13,2023,7,Toronto,Ontario,Canada,43.651,-79.347,34.8,58,10.5,79.8,958,Rain,None,Low,6.5,12,Normal,No Action
REC_1654,2024-03-19,2024,3,Cairo,Cairo,Egypt,30.0444,31.2357,24.8,12,174.0,6.0,966,Rain,Flood,Critical,8.2,33,Emergency,Evacuation Support
REC_1655,2024-06-18,2024,6,Cape Town,Western Cape,South Africa,-33.9249,18.4241,27.7,26,126.6,85.1,1016,Thunderstorm,Flood,Critical,8.8,25,Emergency,Evacuation Support
REC_1656,2023-07-16,2023,7,New York,New York,USA,40.7128,-74.006,10.0,90,33.9,118.0,1038,Thunderstorm,Storm,Critical,4.0,83,Emergency,Evacuation Support
REC_1657,2023-03-21,2023,3,New York,New York,USA,40.7128,-74.006,8.3,35,82.8,104.4,973,Rain,Cyclone,Critical,1.1,70,Emergency,Evacuation Support
REC_1658,2024-05-22,2024,5,Mumbai,Maharashtra,India,19.076,72.8777,10.6,44,64.9,37.7,980,Rain,None,Low,9.4,35,Normal,No Action
REC_1659,2023-07-09,2023,7,Singapore,Singapore,Singapore,1.3521,103.8198,34.8,53,89.4,109.3,1037,Rain,Cyclone,High,8.1,95,Warning,Alert Public
REC_1660,2024-12-15,2024,12,Tokyo,Tokyo,Japan,35.6762,139.6503,3.8,70,122.2,27.2,954,Thunderstorm,Flood,High,9.0,29,Warning,Alert Public
REC_1661,2024-05-25,2024,5,Tokyo,Tokyo,Japan,35.6762,139.6503,36.9,72,82.7,18.1,957,Fog,None,Low,0.9,62,Normal,No Action
REC_1662,2024-03-23,2024,3,Los Angeles,California,USA,34.0522,-118.2437,32.5,35,168.5,29.8,1022,Snow,None,Low,4.6,10,Normal,No Action
REC_1663,2024-08-08,2024,8,Sydney,NSW,Australia,-33.8688,151.2093,21.6,21,136.1,59.8,1020,Snow,None,Low,5.2,84,Normal,No Action
REC_1664,2024-01-24,2024,1,Los Angeles,California,USA,34.0522,-118.2437,-4.5,31,155.9,65.8,966,Rain,Flood,Critical,8.7,61,Emergency,Evacuation Support
REC_1665,2023-12-16,2023,12,Singapore,Singapore,Singapore,1.3521,103.8198,-8.4,63,179.4,104.8,994,Rain,Storm,High,7.9,48,Warning,Alert Public
REC_1666,2023-10-30,2023,10,London,England,UK,51.5074,-0.1278,31.4,32,53.0,60.7,1009,Fog,None,Low,3.9,88,Normal,No Action
REC_1667,2024-09-26,2024,9,Cairo,Cairo,Egypt,30.0444,31.2357,16.8,83,52.8,15.4,1003,Rain,None,Low,9.8,67,Normal,No Action
REC_1668,2024-01-15,2024,1,Sydney,NSW,Australia,-33.8688,151.2093,10.0,40,55.6,36.6,989,Rain,Flood,Critical,6.2,35,Emergency,Evacuation Support
REC_1669,2023-11-23,2023,11,Toronto,Ontario,Canada,43.651,-79.347,21.1,18,189.5,1.3,974,Clear,Landslide,Medium,4.7,18,Watch,Monitor
REC_1670,2024-09-25,2024,9,Tokyo,Tokyo,Japan,35.6762,139.6503,42.4,78,13.7,114.5,1045,Clear,Heatwave,Critical,6.3,18,Emergency,Evacuation Support
REC_1671,2024-09-26,2024,9,Toronto,Ontario,Canada,43.651,-79.347,4.8,81,102.3,109.6,985,Thunderstorm,Flood,Medium,9.0,69,Watch,Monitor
REC_1672,2024-12-21,2024,12,New York,New York,USA,40.7128,-74.006,8.4,64,124.0,64.5,1002,Fog,None,Low,2.4,56,Normal,No Action
REC_1673,2024-04-01,2024,4,Tokyo,Tokyo,Japan,35.6762,139.6503,20.1,97,153.6,110.7,1015,Rain,Storm,Medium,7.5,65,Watch,Monitor
REC_1674,2023-12-24,2023,12,Beijing,Beijing,China,39.9042,116.4074,-8.0,55,74.5,25.4,1041,Thunderstorm,None,Low,1.0,5,Normal,No Action
REC_1675,2024-04-04,2024,4,Rio de Janeiro,Rio de Janeiro,Brazil,-22.9068,-43.1729,3.3,68,20.7,86.1,980,Rain,Storm,Critical,5.2,59,Emergency,Evacuation Support
REC_1676,2024-07-14,2024,7,London,England,UK,51.5074,-0.1278,8.3,85,120.7,1.4,964,Rain,Flood,Critical,9.4,40,Emergency,Evacuation Support
REC_1677,2024-11-21,2024,11,Moscow,Moscow,Russia,55.7558,37.6173,13.8,68,183.5,10.1,1003,Rain,Flood,High,9.9,53,Warning,Alert Public
REC_1678,2023-06-26,2023,6,Cairo,Cairo,Egypt,30.0444,31.2357,28.9,33,87.9,95.0,985,Thunderstorm,Storm,Critical,1.2,15,Emergency,Evacuation Support
REC_1679,2024-02-24,2024,2,Toronto,Ontario,Canada,43.651,-79.347,33.6,91,99.9,35.3,967,Fog,None,Low,6.3,82,Normal,No Action
REC_1680,2023-06-28,2023,6,Singapore,Singapore,Singapore,1.3521,103.8198,32.2,21,198.5,45.6,990,Rain,None,Low,1.3,23,Normal,No Action
REC_1681,2024-06-19,2024,6,New York,New York,USA,40.7128,-74.006,8.2,41,16.3,0.5,961,Fog,None,Low,3.6,78,Normal,No Action
REC_1682,2023-01-08,2023,1,Rio de Janeiro,Rio de Janeiro,Brazil,-22.9068,-43.1729,-8.0,99,195.0,116.2,1021,Rain,Storm,Medium,5.0,73,Watch,Monitor
REC_1683,2024-11-27,2024,11,Cairo,Cairo,Egypt,30.0444,31.2357,27.9,80,53.4,84.6,954,Thunderstorm,Storm,Critical,8.5,28,Emergency,Evacuation Support
REC_1684,2024-08-31,2024,8,Dubai,Dubai,UAE,25.2048,55.2708,-3.5,80,198.2,15.1,953,Rain,Cyclone,Medium,4.7,85,Watch,Monitor
REC_1685,2023-10-26,2023,10,New York,New York,USA,40.7128,-74.006,-4.9,24,124.5,114.1,978,Thunderstorm,Storm,Critical,2.1,28,Emergency,Evacuation Support
REC_1686,2023-08-12,2023,8,Rio de Janeiro,Rio de Janeiro,Brazil,-22.9068,-43.1729,29.4,22,196.0,119.2,1000,Rain,Cyclone,Critical,2.6,64,Emergency,Evacuation Support
REC_1687,2023-07-22,2023,7,Paris,Ile-de-France,France,48.8566,2.3522,10.5,44,11.5,95.2,1046,Rain,Cyclone,Medium,9.7,25,Watch,Monitor
REC_1688,2024-09-17,2024,9,Cairo,Cairo,Egypt,30.0444,31.2357,17.7,58,88.1,24.2,985,Rain,Landslide,Medium,3.1,59,Watch,Monitor
REC_1689,2024-12-15,2024,12,Moscow,Moscow,Russia,55.7558,37.6173,39.5,90,20.0,21.2,989,Clear,Heatwave,Critical,0.8,15,Emergency,Evacuation Support
REC_1690,2024-10-18,2024,10,Moscow,Moscow,Russia,55.7558,37.6173,6.9,77,97.1,118.8,1001,Thunderstorm,Storm,High,5.8,89,Warning,Alert Public
REC_1691,2024-10-12,2024,10,Paris,Ile-de-France,France,48.8566,2.3522,18.1,28,150.9,75.7,967,Rain,Flood,Critical,9.6,71,Emergency,Evacuation Support
REC_1692,2024-11-29,2024,11,Dubai,Dubai,UAE,25.2048,55.2708,-3.4,80,191.7,7.4,1011,Rain,None,Low,1.1,28,Normal,No Action
REC_1693,2024-07-19,2024,7,Toronto,Ontario,Canada,43.651,-79.347,18.7,36,133.0,36.7,975,Snow,Landslide,High,7.1,34,Warning,Alert Public
REC_1694,2024-03-31,2024,3,Sydney,NSW,Australia,-33.8688,151.2093,2.5,66,78.8,99.6,1004,Thunderstorm,Storm,Critical,0.6,21,Emergency,Evacuation Support
REC_1695,2023-08-27,2023,8,Paris,Ile-de-France,France,48.8566,2.3522,28.2,44,13.6,85.8,968,Thunderstorm,Storm,Medium,3.0,54,Watch,Monitor
REC_1696,2024-07-13,2024,7,New York,New York,USA,40.7128,-74.006,13.0,45,119.1,17.8,980,Rain,Flood,Medium,8.4,48,Watch,Monitor
REC_1697,2024-10-06,2024,10,Rio de Janeiro,Rio de Janeiro,Brazil,-22.9068,-43.1729,35.4,36,195.1,55.6,987,Rain,Flood,Critical,8.9,83,Emergency,Evacuation Support
REC_1698,2023-08-16,2023,8,Cairo,Cairo,Egypt,30.0444,31.2357,35.0,61,92.2,43.2,980,Clear,None,Low,8.9,51,Normal,No Action
REC_1699,2023-02-14,2023,2,Paris,Ile-de-France,France,48.8566,2.3522,16.9,61,92.7,57.8,1020,Thunderstorm,None,Low,1.8,68,Normal,No Action
REC_1700,2023-07-13,2023,7,Los Angeles,California,USA,34.0522,-118.2437,17.4,36,50.2,77.1,969,Snow,None,Low,6.8,79,Normal,No Action
REC_1701,2024-11-07,2024,11,Singapore,Singapore,Singapore,1.3521,103.8198,35.7,64,14.4,84.5,1017,Thunderstorm,Storm,Critical,9.4,57,Emergency,Evacuation Support
REC_1702,2024-12-22,2024,12,Los Angeles,California,USA,34.0522,-118.2437,3.9,50,56.0,51.5,1041,Clear,Drought,Medium,9.7,18,Watch,Monitor
REC_1703,2024-07-11,2024,7,Mumbai,Maharashtra,India,19.076,72.8777,14.3,69,98.1,55.0,1047,Fog,None,Low,7.7,26,Normal,No Action
REC_1704,2023-05-23,2023,5,Moscow,Moscow,Russia,55.7558,37.6173,0.7,27,164.3,95.3,980,Rain,Cyclone,Medium,5.2,65,Watch,Monitor
REC_1705,2023-01-06,2023,1,London,England,UK,51.5074,-0.1278,-4.5,52,56.0,93.1,971,Thunderstorm,Cyclone,Critical,5.6,85,Emergency,Evacuation Support
REC_1706,2023-07-20,2023,7,Cape Town,Western Cape,South Africa,-33.9249,18.4241,32.5,12,109.8,51.0,954,Rain,Flood,Medium,8.2,37,Watch,Monitor
REC_1707,2023-12-20,2023,12,Mumbai,Maharashtra,India,19.076,72.8777,0.6,93,76.6,102.6,950,Rain,Cyclone,High,8.5,81,Warning,Alert Public
REC_1708,2024-05-15,2024,5,Los Angeles,California,USA,34.0522,-118.2437,7.1,68,108.2,88.6,1035,Thunderstorm,Flood,Medium,10.0,17,Watch,Monitor
REC_1709,2023-06-01,2023,6,Tokyo,Tokyo,Japan,35.6762,139.6503,35.1,61,54.8,26.2,1013,Snow,None,Low,5.6,44,Normal,No Action
REC_1710,2024-12-26,2024,12,Mumbai,Maharashtra,India,19.076,72.8777,41.1,40,128.9,60.5,1017,Rain,None,Low,3.4,85,Normal,No Action
REC_1711,2023-09-09,2023,9,Singapore,Singapore,Singapore,1.3521,103.8198,32.9,30,41.3,104.1,1018,Thunderstorm,Storm,Medium,7.1,38,Watch,Monitor
REC_1712,2023-12-25,2023,12,Sydney,NSW,Australia,-33.8688,151.2093,36.0,55,41.4,65.1,959,Thunderstorm,None,Low,3.7,69,Normal,No Action
REC_1713,2024-06-22,2024,6,New York,New York,USA,40.7128,-74.006,38.0,39,120.0,75.3,962,Rain,None,Low,1.8,56,Normal,No Action
REC_1714,2024-11-19,2024,11,Cape Town,Western Cape,South Africa,-33.9249,18.4241,11.5,35,1.2,21.5,988,Cloudy,None,Low,6.1,37,Normal,No Action
REC_1715,2024-10-28,2024,10,Sydney,NSW,Australia,-33.8688,151.2093,13.6,62,165.7,15.9,984,Cloudy,None,Low,1.3,77,Normal,No Action
REC_1716,2023-08-26,2023,8,London,England,UK,51.5074,-0.1278,19.7,37,128.4,1.3,1023,Rain,Storm,High,5.2,59,Warning,Alert Public
REC_1717,2023-06-01,2023,6,Sydney,NSW,Australia,-33.8688,151.2093,-1.1,36,185.4,61.0,1050,Clear,None,Low,2.5,46,Normal,No Action
REC_1718,2024-11-09,2024,11,Dubai,Dubai,UAE,25.2048,55.2708,14.8,21,180.1,1.1,964,Rain,Flood,Critical,8.5,73,Emergency,Evacuation Support
REC_1719,2024-06-09,2024,6,Cairo,Cairo,Egypt,30.0444,31.2357,22.1,47,173.3,99.6,986,Rain,Cyclone,Medium,3.7,72,Watch,Monitor
REC_1720,2024-07-28,2024,7,Los Angeles,California,USA,34.0522,-118.2437,1.3,77,31.8,25.8,1011,Thunderstorm,None,Low,4.8,78,Normal,No Action
REC_1721,2024-06-12,2024,6,Los Angeles,California,USA,34.0522,-118.2437,6.3,36,115.7,16.8,997,Snow,None,Low,1.3,37,Normal,No Action
REC_1722,2024-06-12,2024,6,Cairo,Cairo,Egypt,30.0444,31.2357,41.2,42,66.8,3.2,1006,Thunderstorm,None,Low,8.8,85,Normal,No Action
REC_1723,2023-09-12,2023,9,Singapore,Singapore,Singapore,1.3521,103.8198,35.3,51,177.0,28.9,993,Rain,Landslide,High,3.9,20,Warning,Alert Public
REC_1724,2024-04-08,2024,4,Toronto,Ontario,Canada,43.651,-79.347,15.8,16,23.9,84.6,974,Rain,Cyclone,Medium,7.7,46,Watch,Monitor
REC_1725,2024-03-28,2024,3,New York,New York,USA,40.7128,-74.006,31.4,84,47.5,102.3,952,Thunderstorm,Cyclone,Critical,7.6,27,Emergency,Evacuation Support
REC_1726,2023-06-18,2023,6,Rio de Janeiro,Rio de Janeiro,Brazil,-22.9068,-43.1729,21.9,79,34.4,30.9,1021,Rain,None,Low,6.6,10,Normal,No Action
REC_1727,2024-09-01,2024,9,Paris,Ile-de-France,France,48.8566,2.3522,-4.7,69,79.4,108.2,1019,Rain,Storm,Critical,4.2,58,Emergency,Evacuation Support
REC_1728,2023-03-20,2023,3,Dubai,Dubai,UAE,25.2048,55.2708,42.3,30,177.1,95.2,1004,Rain,Storm,Medium,5.1,14,Watch,Monitor
REC_1729,2023-08-22,2023,8,Cape Town,Western Cape,South Africa,-33.9249,18.4241,43.9,16,6.9,58.6,976,Clear,None,Low,8.5,11,Normal,No Action
REC_1730,2023-06-03,2023,6,Cape Town,Western Cape,South Africa,-33.9249,18.4241,41.0,31,111.3,43.1,1018,Rain,Flood,Medium,10.0,25,Watch,Monitor
REC_1731,2023-04-12,2023,4,Rio de Janeiro,Rio de Janeiro,Brazil,-22.9068,-43.1729,5.1,57,133.0,114.4,1035,Thunderstorm,Cyclone,Medium,4.1,12,Watch,Monitor
REC_1732,2024-11-21,2024,11,New York,New York,USA,40.7128,-74.006,25.5,38,178.0,12.7,999,Snow,Landslide,Critical,3.2,33,Emergency,Evacuation Support
REC_1733,2023-01-19,2023,1,Los Angeles,California,USA,34.0522,-118.2437,17.9,79,92.4,107.5,973,Thunderstorm,Cyclone,High,8.9,51,Warning,Alert Public
REC_1734,2024-08-22,2024,8,Los Angeles,California,USA,34.0522,-118.2437,-1.3,99,13.5,35.8,1019,Snow,None,Low,6.2,6,Normal,No Action
REC_1735,2024-02-23,2024,2,Paris,Ile-de-France,France,48.8566,2.3522,0.8,57,136.9,104.5,973,Thunderstorm,Flood,Critical,8.7,40,Emergency,Evacuation Support
REC_1736,2024-04-24,2024,4,Rio de Janeiro,Rio de Janeiro,Brazil,-22.9068,-43.1729,31.1,52,169.2,7.6,1002,Thunderstorm,None,Low,2.7,85,Normal,No Action
REC_1737,2024-03-27,2024,3,New York,New York,USA,40.7128,-74.006,8.1,51,77.9,0.0,953,Rain,Storm,High,2.9,86,Warning,Alert Public
REC_1738,2023-12-20,2023,12,Paris,Ile-de-France,France,48.8566,2.3522,-2.9,58,2.2,5.0,951,Snow,None,Low,8.6,92,Normal,No Action
REC_1739,2023-09-11,2023,9,Rio de Janeiro,Rio de Janeiro,Brazil,-22.9068,-43.1729,22.8,54,193.9,84.6,958,Thunderstorm,Storm,Critical,3.9,53,Emergency,Evacuation Support
REC_1740,2023-12-18,2023,12,Paris,Ile-de-France,France,48.8566,2.3522,44.6,92,25.4,111.8,1018,Clear,Heatwave,High,3.7,23,Warning,Alert Public
REC_1741,2023-02-24,2023,2,Rio de Janeiro,Rio de Janeiro,Brazil,-22.9068,-43.1729,35.2,59,42.2,87.3,1023,Rain,Cyclone,High,8.5,36,Warning,Alert Public
REC_1742,2024-08-10,2024,8,Beijing,Beijing,China,39.9042,116.4074,-9.0,70,87.9,8.3,980,Clear,None,Low,1.8,25,Normal,No Action
REC_1743,2023-04-28,2023,4,Mumbai,Maharashtra,India,19.076,72.8777,37.5,93,55.2,58.2,973,Thunderstorm,Cyclone,Medium,8.2,46,Watch,Monitor
REC_1744,2024-09-17,2024,9,Sydney,NSW,Australia,-33.8688,151.2093,-6.2,76,147.2,21.8,1047,Thunderstorm,Flood,Medium,8.5,68,Watch,Monitor
REC_1745,2024-03-22,2024,3,London,England,UK,51.5074,-0.1278,44.1,52,138.3,117.4,959,Thunderstorm,Flood,Medium,8.4,53,Watch,Monitor
REC_1746,2024-05-31,2024,5,Moscow,Moscow,Russia,55.7558,37.6173,16.0,11,143.4,68.9,1009,Thunderstorm,None,Low,4.3,89,Normal,No Action
REC_1747,2023-01-03,2023,1,Sydney,NSW,Australia,-33.8688,151.2093,27.1,63,28.8,84.0,983,Thunderstorm,Storm,Medium,8.7,10,Watch,Monitor
REC_1748,2023-07-15,2023,7,Moscow,Moscow,Russia,55.7558,37.6173,29.0,19,20.7,69.3,1044,Thunderstorm,None,Low,5.5,50,Normal,No Action
REC_1749,2023-03-09,2023,3,Mumbai,Maharashtra,India,19.076,72.8777,-0.8,28,22.9,42.2,954,Clear,None,Low,2.8,44,Normal,No Action
REC_1750,2023-10-25,2023,10,Moscow,Moscow,Russia,55.7558,37.6173,4.9,76,3.0,57.5,1041,Cloudy,None,Low,9.9,29,Normal,No Action
REC_1751,2023-03-25,2023,3,Singapore,Singapore,Singapore,1.3521,103.8198,-8.9,33,131.8,30.0,1005,Clear,Landslide,Critical,5.9,31,Emergency,Evacuation Support
REC_1752,2024-11-21,2024,11,Cairo,Cairo,Egypt,30.0444,31.2357,14.2,14,93.9,31.0,1030,Clear,None,Low,4.1,26,Normal,No Action
REC_1753,2024-09-18,2024,9,London,England,UK,51.5074,-0.1278,20.1,90,104.6,56.4,1035,Fog,None,Low,4.2,39,Normal,No Action
REC_1754,2023-08-31,2023,8,Mumbai,Maharashtra,India,19.076,72.8777,1.6,26,17.0,106.7,972,Rain,Cyclone,Medium,2.4,9,Watch,Monitor
REC_1755,2024-07-05,2024,7,Toronto,Ontario,Canada,43.651,-79.347,31.2,33,105.5,73.1,995,Rain,Storm,High,1.0,26,Warning,Alert Public
REC_1756,2024-01-31,2024,1,Los Angeles,California,USA,34.0522,-118.2437,5.2,40,5.7,104.3,1019,Thunderstorm,Cyclone,Critical,2.2,51,Emergency,Evacuation Support
REC_1757,2023-05-13,2023,5,Moscow,Moscow,Russia,55.7558,37.6173,7.0,47,34.3,99.2,1033,Thunderstorm,Cyclone,Medium,7.3,22,Watch,Monitor
REC_1758,2024-11-16,2024,11,Dubai,Dubai,UAE,25.2048,55.2708,25.7,76,138.0,105.3,1044,Rain,Flood,Critical,8.3,72,Emergency,Evacuation Support
REC_1759,2023-03-11,2023,3,Tokyo,Tokyo,Japan,35.6762,139.6503,-4.3,18,74.2,45.9,991,Snow,None,Low,5.1,50,Normal,No Action
REC_1760,2024-12-23,2024,12,Toronto,Ontario,Canada,43.651,-79.347,25.3,33,82.0,27.2,970,Fog,None,Low,8.3,43,Normal,No Action
REC_1761,2024-10-14,2024,10,London,England,UK,51.5074,-0.1278,13.6,42,8.6,58.5,963,Cloudy,None,Low,2.8,74,Normal,No Action
REC_1762,2024-12-29,2024,12,Tokyo,Tokyo,Japan,35.6762,139.6503,15.7,82,91.3,52.0,1047,Rain,Landslide,Medium,5.3,20,Watch,Monitor
REC_1763,2023-08-24,2023,8,Dubai,Dubai,UAE,25.2048,55.2708,6.5,100,4.4,4.2,980,Thunderstorm,None,Low,2.7,61,Normal,No Action
REC_1764,2024-08-10,2024,8,Sydney,NSW,Australia,-33.8688,151.2093,7.8,51,40.2,70.4,1045,Fog,None,Low,1.5,88,Normal,No Action
REC_1765,2023-11-30,2023,11,Sydney,NSW,Australia,-33.8688,151.2093,-9.0,46,182.4,21.7,952,Cloudy,None,Low,2.3,43,Normal,No Action
REC_1766,2023-11-12,2023,11,Cairo,Cairo,Egypt,30.0444,31.2357,15.4,92,185.2,56.9,1038,Clear,Heatwave,Medium,3.3,16,Watch,Monitor
REC_1767,2024-04-20,2024,4,Singapore,Singapore,Singapore,1.3521,103.8198,37.1,38,154.9,2.8,972,Snow,None,Low,3.1,68,Normal,No Action
REC_1768,2024-01-11,2024,1,Sydney,NSW,Australia,-33.8688,151.2093,14.2,24,163.8,23.9,1013,Clear,None,Low,7.2,24,Normal,No Action
REC_1769,2023-01-05,2023,1,Dubai,Dubai,UAE,25.2048,55.2708,16.9,54,53.5,70.0,1036,Thunderstorm,Cyclone,Medium,7.1,57,Watch,Monitor
REC_1770,2023-10-27,2023,10,Beijing,Beijing,China,39.9042,116.4074,30.4,11,124.4,67.8,982,Clear,None,Low,7.6,37,Normal,No Action
REC_1771,2024-07-12,2024,7,Cairo,Cairo,Egypt,30.0444,31.2357,34.0,49,198.5,46.4,975,Snow,None,Low,7.9,45,Normal,No Action
REC_1772,2023-04-26,2023,4,Moscow,Moscow,Russia,55.7558,37.6173,12.9,53,124.1,37.6,990,Rain,Flood,High,9.7,32,Warning,Alert Public
REC_1773,2023-02-01,2023,2,Dubai,Dubai,UAE,25.2048,55.2708,37.0,83,132.7,16.4,967,Cloudy,None,Low,1.1,49,Normal,No Action
REC_1774,2023-09-24,2023,9,Dubai,Dubai,UAE,25.2048,55.2708,13.6,87,180.6,30.4,991,Clear,None,Low,7.3,15,Normal,No Action
REC_1775,2024-08-14,2024,8,Paris,Ile-de-France,France,48.8566,2.3522,0.7,83,118.0,36.1,973,Snow,None,Low,5.3,19,Normal,No Action
REC_1776,2023-08-17,2023,8,Rio de Janeiro,Rio de Janeiro,Brazil,-22.9068,-43.1729,26.9,29,23.7,49.6,988,Fog,None,Low,1.2,69,Normal,No Action
REC_1777,2024-03-06,2024,3,Mumbai,Maharashtra,India,19.076,72.8777,7.5,96,116.4,80.4,1044,Rain,Flood,High,9.1,5,Warning,Alert Public
REC_1778,2024-09-04,2024,9,Sydney,NSW,Australia,-33.8688,151.2093,28.0,83,156.0,38.7,1010,Cloudy,Landslide,Critical,0.7,65,Emergency,Evacuation Support
REC_1779,2023-10-27,2023,10,Paris,Ile-de-France,France,48.8566,2.3522,32.1,40,76.4,54.3,969,Rain,Cyclone,Critical,6.9,39,Emergency,Evacuation Support
REC_1780,2023-03-24,2023,3,Paris,Ile-de-France,France,48.8566,2.3522,39.0,20,139.2,5.0,1031,Snow,Landslide,High,1.3,49,Warning,Alert Public
REC_1781,2024-05-06,2024,5,Rio de Janeiro,Rio de Janeiro,Brazil,-22.9068,-43.1729,34.2,64,15.1,58.7,999,Fog,None,Low,9.7,58,Normal,No Action
REC_1782,2023-08-10,2023,8,New York,New York,USA,40.7128,-74.006,24.7,58,170.4,112.3,1045,Thunderstorm,Flood,Medium,9.1,77,Watch,Monitor
REC_1783,2023-05-02,2023,5,Tokyo,Tokyo,Japan,35.6762,139.6503,-1.9,87,52.6,86.1,954,Rain,Storm,Medium,3.6,88,Watch,Monitor
REC_1784,2024-07-13,2024,7,Los Angeles,California,USA,34.0522,-118.2437,27.3,90,21.2,65.5,1040,Thunderstorm,None,Low,8.1,90,Normal,No Action
REC_1785,2024-10-17,2024,10,Los Angeles,California,USA,34.0522,-118.2437,13.8,11,21.6,69.6,1047,Rain,Cyclone,High,4.1,14,Warning,Alert Public
REC_1786,2023-01-24,2023,1,Sydney,NSW,Australia,-33.8688,151.2093,27.8,20,104.6,47.9,1024,Fog,None,Low,6.8,85,Normal,No Action
REC_1787,2024-08-11,2024,8,Rio de Janeiro,Rio de Janeiro,Brazil,-22.9068,-43.1729,33.9,89,31.4,42.0,989,Snow,None,Low,8.1,8,Normal,No Action
REC_1788,2023-11-24,2023,11,Los Angeles,California,USA,34.0522,-118.2437,-9.6,64,42.7,78.2,1013,Snow,None,Low,7.6,8,Normal,No Action
REC_1789,2024-05-28,2024,5,Cairo,Cairo,Egypt,30.0444,31.2357,38.7,84,5.0,44.8,1043,Clear,Heatwave,High,1.9,90,Warning,Alert Public
REC_1790,2024-02-24,2024,2,Paris,Ile-de-France,France,48.8566,2.3522,21.1,27,91.5,96.2,1008,Thunderstorm,Cyclone,Medium,0.5,92,Watch,Monitor
REC_1791,2024-08-03,2024,8,Moscow,Moscow,Russia,55.7558,37.6173,25.2,67,16.0,6.7,1031,Thunderstorm,None,Low,8.4,82,Normal,No Action
REC_1792,2024-04-26,2024,4,Singapore,Singapore,Singapore,1.3521,103.8198,41.2,47,164.1,38.9,1018,Snow,None,Low,2.0,40,Normal,No Action
REC_1793,2023-11-11,2023,11,Los Angeles,California,USA,34.0522,-118.2437,40.5,69,105.1,118.2,1050,Clear,Heatwave,High,5.1,70,Warning,Alert Public
REC_1794,2024-05-30,2024,5,Los Angeles,California,USA,34.0522,-118.2437,38.7,28,14.0,106.1,955,Rain,Storm,Medium,3.4,51,Watch,Monitor
REC_1795,2023-12-26,2023,12,Moscow,Moscow,Russia,55.7558,37.6173,-6.5,32,90.6,63.9,987,Fog,None,Low,5.8,92,Normal,No Action
REC_1796,2024-11-04,2024,11,Cape Town,Western Cape,South Africa,-33.9249,18.4241,33.0,43,81.2,85.6,1000,Thunderstorm,Cyclone,Critical,1.1,51,Emergency,Evacuation Support
REC_1797,2023-03-26,2023,3,Singapore,Singapore,Singapore,1.3521,103.8198,41.9,30,178.4,78.7,954,Thunderstorm,None,Low,4.7,52,Normal,No Action
REC_1798,2023-04-12,2023,4,Mumbai,Maharashtra,India,19.076,72.8777,2.5,81,175.8,27.0,1005,Fog,Landslide,Medium,3.9,89,Watch,Monitor
REC_1799,2023-03-08,2023,3,Cairo,Cairo,Egypt,30.0444,31.2357,8.4,14,124.7,66.1,1028,Snow,None,Low,1.6,86,Normal,No Action
REC_1800,2024-10-09,2024,10,Dubai,Dubai,UAE,25.2048,55.2708,36.7,33,145.8,70.8,1032,Fog,None,Low,5.3,20,Normal,No Action
REC_1801,2023-03-06,2023,3,Tokyo,Tokyo,Japan,35.6762,139.6503,27.3,62,146.9,48.8,1031,Fog,None,Low,2.3,36,Normal,No Action
REC_1802,2023-08-18,2023,8,Paris,Ile-de-France,France,48.8566,2.3522,-5.0,33,100.6,63.3,1032,Thunderstorm,Flood,Medium,4.3,34,Watch,Monitor
REC_1803,2024-04-17,2024,4,Cairo,Cairo,Egypt,30.0444,31.2357,22.9,11,142.1,98.2,1035,Rain,Cyclone,Medium,4.9,63,Watch,Monitor
REC_1804,2023-06-13,2023,6,Los Angeles,California,USA,34.0522,-118.2437,30.5,28,23.8,89.6,993,Rain,Storm,High,7.0,92,Warning,Alert Public
REC_1805,2023-05-02,2023,5,Dubai,Dubai,UAE,25.2048,55.2708,44.2,48,25.1,113.5,983,Rain,Cyclone,Critical,4.2,72,Emergency,Evacuation Support
REC_1806,2023-12-06,2023,12,Sydney,NSW,Australia,-33.8688,151.2093,29.7,42,22.1,91.3,1042,Thunderstorm,Cyclone,Critical,7.5,47,Emergency,Evacuation Support
REC_1807,2023-06-26,2023,6,Toronto,Ontario,Canada,43.651,-79.347,28.8,96,59.4,86.6,992,Thunderstorm,Cyclone,Medium,2.9,44,Watch,Monitor
REC_1808,2023-09-13,2023,9,Toronto,Ontario,Canada,43.651,-79.347,44.3,95,85.0,16.7,996,Clear,Heatwave,High,8.0,12,Warning,Alert Public
REC_1809,2023-07-26,2023,7,Toronto,Ontario,Canada,43.651,-79.347,5.2,93,46.6,92.9,1035,Rain,Cyclone,Critical,3.5,13,Emergency,Evacuation Support
REC_1810,2023-01-14,2023,1,Beijing,Beijing,China,39.9042,116.4074,38.1,15,82.9,59.3,1041,Fog,None,Low,8.8,6,Normal,No Action
REC_1811,2024-04-21,2024,4,New York,New York,USA,40.7128,-74.006,19.6,48,52.5,1.6,981,Fog,None,Low,1.3,94,Normal,No Action
REC_1812,2023-12-14,2023,12,Mumbai,Maharashtra,India,19.076,72.8777,-2.2,92,112.1,119.1,1012,Rain,Flood,Critical,8.3,5,Emergency,Evacuation Support
REC_1813,2024-12-23,2024,12,Los Angeles,California,USA,34.0522,-118.2437,23.0,65,137.1,96.2,1018,Thunderstorm,Storm,Medium,6.6,38,Watch,Monitor
REC_1814,2024-09-07,2024,9,Singapore,Singapore,Singapore,1.3521,103.8198,26.5,99,60.6,40.2,1034,Snow,None,Low,8.1,60,Normal,No Action
REC_1815,2023-07-03,2023,7,Cape Town,Western Cape,South Africa,-33.9249,18.4241,43.0,53,118.9,116.4,993,Thunderstorm,Storm,High,5.8,32,Warning,Alert Public
REC_1816,2023-08-18,2023,8,Singapore,Singapore,Singapore,1.3521,103.8198,32.8,87,140.3,108.2,957,Rain,Cyclone,High,6.8,24,Warning,Alert Public
REC_1817,2024-01-24,2024,1,Dubai,Dubai,UAE,25.2048,55.2708,37.2,42,54.8,73.5,954,Snow,None,Low,6.8,9,Normal,No Action
REC_1818,2024-03-13,2024,3,New York,New York,USA,40.7128,-74.006,21.2,60,118.3,51.1,956,Thunderstorm,Flood,Medium,8.2,83,Watch,Monitor
REC_1819,2024-08-29,2024,8,Singapore,Singapore,Singapore,1.3521,103.8198,3.2,34,113.3,106.4,974,Thunderstorm,Cyclone,High,0.6,19,Warning,Alert Public
REC_1820,2023-05-07,2023,5,Toronto,Ontario,Canada,43.651,-79.347,40.3,98,193.8,107.8,1038,Clear,Heatwave,Critical,8.0,66,Emergency,Evacuation Support
REC_1821,2023-09-01,2023,9,Moscow,Moscow,Russia,55.7558,37.6173,16.1,65,168.6,90.9,1038,Rain,Storm,High,2.4,9,Warning,Alert Public
REC_1822,2024-09-11,2024,9,Beijing,Beijing,China,39.9042,116.4074,38.2,27,195.6,97.2,1017,Rain,Storm,Critical,1.9,12,Emergency,Evacuation Support
REC_1823,2023-08-27,2023,8,London,England,UK,51.5074,-0.1278,5.1,54,42.4,60.6,955,Thunderstorm,Flood,Medium,6.1,84,Watch,Monitor
REC_1824,2024-02-26,2024,2,Dubai,Dubai,UAE,25.2048,55.2708,13.0,62,39.1,80.6,1037,Thunderstorm,Storm,Medium,8.1,37,Watch,Monitor
REC_1825,2023-10-27,2023,10,Rio de Janeiro,Rio de Janeiro,Brazil,-22.9068,-43.1729,43.6,84,57.6,102.2,1002,Clear,Heatwave,Medium,4.1,49,Watch,Monitor
REC_1826,2024-04-29,2024,4,Mumbai,Maharashtra,India,19.076,72.8777,38.0,74,16.9,104.0,1047,Rain,Storm,Critical,0.7,77,Emergency,Evacuation Support
REC_1827,2024-07-31,2024,7,Cape Town,Western Cape,South Africa,-33.9249,18.4241,21.2,29,71.1,14.5,1050,Rain,Landslide,High,7.4,8,Warning,Alert Public
REC_1828,2023-06-22,2023,6,Los Angeles,California,USA,34.0522,-118.2437,42.3,89,9.7,10.3,1008,Clear,Heatwave,High,1.0,52,Warning,Alert Public
REC_1829,2024-12-04,2024,12,Los Angeles,California,USA,34.0522,-118.2437,-9.6,88,34.4,89.0,1005,Thunderstorm,Cyclone,High,3.8,10,Warning,Alert Public
REC_1830,2024-07-15,2024,7,Rio de Janeiro,Rio de Janeiro,Brazil,-22.9068,-43.1729,36.7,97,87.9,98.3,954,Thunderstorm,Cyclone,Medium,2.2,12,Watch,Monitor
REC_1831,2023-01-20,2023,1,Singapore,Singapore,Singapore,1.3521,103.8198,38.8,70,160.3,70.0,1038,Clear,Heatwave,Critical,5.6,48,Emergency,Evacuation Support
REC_1832,2024-08-05,2024,8,London,England,UK,51.5074,-0.1278,-8.4,22,7.7,39.9,999,Thunderstorm,None,Low,3.3,43,Normal,No Action
REC_1833,2024-10-17,2024,10,Mumbai,Maharashtra,India,19.076,72.8777,44.3,34,160.1,47.8,1043,Clear,Drought,Medium,6.6,5,Watch,Monitor
REC_1834,2024-07-14,2024,7,Tokyo,Tokyo,Japan,35.6762,139.6503,-9.9,25,33.4,30.8,1007,Thunderstorm,None,Low,2.4,79,Normal,No Action
REC_1835,2023-05-27,2023,5,Singapore,Singapore,Singapore,1.3521,103.8198,20.2,25,173.2,3.6,951,Thunderstorm,Flood,Medium,9.3,7,Watch,Monitor
REC_1836,2024-12-19,2024,12,Sydney,NSW,Australia,-33.8688,151.2093,18.8,50,58.9,21.9,976,Snow,None,Low,2.9,25,Normal,No Action
REC_1837,2024-02-10,2024,2,Beijing,Beijing,China,39.9042,116.4074,7.9,57,11.3,67.0,955,Rain,Cyclone,Medium,3.4,35,Watch,Monitor
REC_1838,2024-01-27,2024,1,New York,New York,USA,40.7128,-74.006,30.1,37,22.4,5.6,966,Clear,Drought,High,8.6,22,Warning,Alert Public
REC_1839,2024-04-21,2024,4,Sydney,NSW,Australia,-33.8688,151.2093,-3.5,50,101.5,54.6,984,Fog,None,Low,5.1,16,Normal,No Action
REC_1840,2023-02-20,2023,2,Singapore,Singapore,Singapore,1.3521,103.8198,18.3,82,13.7,53.5,956,Clear,None,Low,6.4,48,Normal,No Action
REC_1841,2024-10-06,2024,10,Cairo,Cairo,Egypt,30.0444,31.2357,4.5,74,154.2,23.1,1001,Fog,None,Low,3.0,87,Normal,No Action
REC_1842,2023-01-13,2023,1,Los Angeles,California,USA,34.0522,-118.2437,18.7,98,28.1,101.4,1020,Thunderstorm,Storm,High,4.4,91,Warning,Alert Public
REC_1843,2024-07-01,2024,7,Sydney,NSW,Australia,-33.8688,151.2093,1.7,56,124.2,7.8,954,Thunderstorm,Flood,High,9.5,60,Warning,Alert Public
REC_1844,2024-10-27,2024,10,Beijing,Beijing,China,39.9042,116.4074,-3.9,90,65.2,5.3,1003,Thunderstorm,None,Low,5.8,54,Normal,No Action
REC_1845,2024-05-29,2024,5,Tokyo,Tokyo,Japan,35.6762,139.6503,25.1,91,119.4,18.0,1016,Rain,Flood,Medium,9.2,88,Watch,Monitor
REC_1846,2024-08-23,2024,8,Rio de Janeiro,Rio de Janeiro,Brazil,-22.9068,-43.1729,-0.5,12,153.3,38.8,1003,Rain,Cyclone,High,1.8,75,Warning,Alert Public
REC_1847,2024-12-25,2024,12,New York,New York,USA,40.7128,-74.006,36.6,54,4.2,89.1,970,Rain,Storm,High,6.2,44,Warning,Alert Public
REC_1848,2023-02-07,2023,2,Los Angeles,California,USA,34.0522,-118.2437,42.3,72,173.2,9.1,1048,Clear,Heatwave,Critical,1.2,22,Emergency,Evacuation Support
REC_1849,2023-04-30,2023,4,Sydney,NSW,Australia,-33.8688,151.2093,25.6,12,147.9,94.3,988,Rain,Flood,High,8.4,59,Warning,Alert Public
REC_1850,2023-12-17,2023,12,Cape Town,Western Cape,South Africa,-33.9249,18.4241,39.2,71,27.0,79.5,955,Clear,Heatwave,Medium,5.1,29,Watch,Monitor
REC_1851,2023-10-05,2023,10,Tokyo,Tokyo,Japan,35.6762,139.6503,13.2,49,125.9,87.5,1005,Thunderstorm,Cyclone,Critical,4.4,14,Emergency,Evacuation Support
REC_1852,2024-05-22,2024,5,New York,New York,USA,40.7128,-74.006,35.7,17,143.8,14.6,980,Clear,None,Low,6.3,89,Normal,No Action
REC_1853,2024-12-22,2024,12,Tokyo,Tokyo,Japan,35.6762,139.6503,5.6,33,152.1,4.6,1037,Thunderstorm,Flood,Medium,8.1,78,Watch,Monitor
REC_1854,2024-06-15,2024,6,London,England,UK,51.5074,-0.1278,17.5,90,153.7,119.7,952,Rain,Storm,Critical,0.7,92,Emergency,Evacuation Support
REC_1855,2023-06-09,2023,6,London,England,UK,51.5074,-0.1278,42.9,60,157.1,11.5,969,Clear,Heatwave,Medium,5.5,31,Watch,Monitor
REC_1856,2024-11-16,2024,11,Paris,Ile-de-France,France,48.8566,2.3522,-4.1,98,35.5,62.7,959,Rain,None,Low,4.9,21,Normal,No Action
REC_1857,2024-03-14,2024,3,Dubai,Dubai,UAE,25.2048,55.2708,6.2,93,87.8,51.6,1023,Rain,None,Low,9.7,54,Normal,No Action
REC_1858,2023-05-26,2023,5,Cairo,Cairo,Egypt,30.0444,31.2357,1.8,11,198.1,3.1,987,Rain,None,Low,0.6,44,Normal,No Action
REC_1859,2024-02-29,2024,2,Los Angeles,California,USA,34.0522,-118.2437,3.1,95,61.8,33.2,996,Fog,None,Low,3.5,85,Normal,No Action
REC_1860,2024-11-09,2024,11,Moscow,Moscow,Russia,55.7558,37.6173,21.5,73,111.3,0.9,1050,Clear,Landslide,Critical,1.7,92,Emergency,Evacuation Support
REC_1861,2024-04-10,2024,4,Los Angeles,California,USA,34.0522,-118.2437,10.4,91,28.7,19.8,996,Thunderstorm,None,Low,2.4,21,Normal,No Action
REC_1862,2024-01-21,2024,1,Moscow,Moscow,Russia,55.7558,37.6173,-4.6,22,62.4,10.1,1047,Clear,Heatwave,Critical,7.4,39,Emergency,Evacuation Support
REC_1863,2024-11-06,2024,11,Singapore,Singapore,Singapore,1.3521,103.8198,26.1,53,16.7,75.6,970,Rain,None,Low,2.0,89,Normal,No Action
REC_1864,2023-01-26,2023,1,Paris,Ile-de-France,France,48.8566,2.3522,-5.2,64,7.0,4.2,1035,Fog,None,Low,0.7,61,Normal,No Action
REC_1865,2024-10-05,2024,10,London,England,UK,51.5074,-0.1278,13.8,66,187.9,44.6,1038,Rain,Flood,Critical,10.0,32,Emergency,Evacuation Support
REC_1866,2023-07-22,2023,7,Sydney,NSW,Australia,-33.8688,151.2093,29.5,43,89.6,43.7,962,Rain,None,Low,7.2,12,Normal,No Action
REC_1867,2024-11-10,2024,11,Dubai,Dubai,UAE,25.2048,55.2708,38.7,49,100.2,7.0,992,Thunderstorm,None,Low,1.3,94,Normal,No Action
REC_1868,2023-07-25,2023,7,New York,New York,USA,40.7128,-74.006,26.0,77,196.1,66.6,989,Clear,None,Low,3.2,76,Normal,No Action
REC_1869,2023-12-04,2023,12,Toronto,Ontario,Canada,43.651,-79.347,8.8,13,52.3,24.4,1047,Thunderstorm,None,Low,4.7,40,Normal,No Action
REC_1870,2024-10-29,2024,10,Sydney,NSW,Australia,-33.8688,151.2093,-4.2,46,2.2,83.1,1045,Rain,Cyclone,Critical,5.3,7,Emergency,Evacuation Support
REC_1871,2023-01-15,2023,1,Mumbai,Maharashtra,India,19.076,72.8777,35.3,46,60.6,111.5,1031,Rain,Cyclone,High,5.4,48,Warning,Alert Public
REC_1872,2023-07-29,2023,7,Singapore,Singapore,Singapore,1.3521,103.8198,38.5,79,80.2,66.1,1033,Clear,Heatwave,Critical,8.5,41,Emergency,Evacuation Support
REC_1873,2024-06-30,2024,6,London,England,UK,51.5074,-0.1278,36.7,43,190.6,90.7,1020,Rain,Flood,High,9.7,49,Warning,Alert Public
REC_1874,2024-03-24,2024,3,Cape Town,Western Cape,South Africa,-33.9249,18.4241,35.4,51,101.8,68.1,998,Rain,Flood,Medium,8.1,80,Watch,Monitor
REC_1875,2024-03-16,2024,3,Paris,Ile-de-France,France,48.8566,2.3522,6.4,14,80.9,60.9,1020,Clear,Heatwave,Critical,4.4,86,Emergency,Evacuation Support
REC_1876,2023-03-24,2023,3,Beijing,Beijing,China,39.9042,116.4074,25.2,93,119.7,65.0,1038,Rain,Cyclone,Medium,3.4,15,Watch,Monitor
REC_1877,2023-07-11,2023,7,Toronto,Ontario,Canada,43.651,-79.347,-1.6,16,72.3,78.7,1045,Thunderstorm,Flood,Critical,1.5,52,Emergency,Evacuation Support
REC_1878,2023-04-12,2023,4,Paris,Ile-de-France,France,48.8566,2.3522,20.0,75,177.3,94.4,1013,Rain,Flood,Medium,8.9,60,Watch,Monitor
REC_1879,2023-04-26,2023,4,Tokyo,Tokyo,Japan,35.6762,139.6503,30.9,98,188.8,86.5,960,Rain,Cyclone,Critical,3.3,83,Emergency,Evacuation Support
REC_1880,2024-03-09,2024,3,Dubai,Dubai,UAE,25.2048,55.2708,29.1,15,1.8,66.6,981,Thunderstorm,None,Low,2.5,90,Normal,No Action
REC_1881,2024-10-14,2024,10,Cape Town,Western Cape,South Africa,-33.9249,18.4241,-1.7,76,97.0,117.3,1035,Rain,Cyclone,High,5.3,56,Warning,Alert Public
REC_1882,2024-04-05,2024,4,Los Angeles,California,USA,34.0522,-118.2437,-2.2,77,14.7,119.2,1026,Thunderstorm,Storm,High,5.2,40,Warning,Alert Public
REC_1883,2023-02-21,2023,2,Beijing,Beijing,China,39.9042,116.4074,26.3,45,145.9,111.2,1016,Rain,Storm,High,2.4,61,Warning,Alert Public
REC_1884,2023-01-25,2023,1,Beijing,Beijing,China,39.9042,116.4074,44.4,23,72.8,102.4,980,Thunderstorm,Storm,Medium,9.1,85,Watch,Monitor
REC_1885,2024-11-19,2024,11,Toronto,Ontario,Canada,43.651,-79.347,16.3,64,72.0,98.2,997,Thunderstorm,Storm,High,1.7,15,Warning,Alert Public
REC_1886,2023-03-15,2023,3,Rio de Janeiro,Rio de Janeiro,Brazil,-22.9068,-43.1729,-6.1,68,82.9,35.4,955,Rain,Landslide,High,7.1,74,Warning,Alert Public
REC_1887,2024-08-20,2024,8,Toronto,Ontario,Canada,43.651,-79.347,-7.5,65,139.2,119.6,1046,Rain,Cyclone,High,3.1,11,Warning,Alert Public
REC_1888,2023-06-29,2023,6,Los Angeles,California,USA,34.0522,-118.2437,7.6,38,79.9,116.9,994,Rain,Cyclone,High,3.2,84,Warning,Alert Public
REC_1889,2023-04-03,2023,4,Beijing,Beijing,China,39.9042,116.4074,8.1,50,12.0,86.3,970,Rain,Storm,Medium,2.8,56,Watch,Monitor
REC_1890,2023-06-25,2023,6,Singapore,Singapore,Singapore,1.3521,103.8198,38.9,38,121.7,64.2,995,Snow,Landslide,Medium,1.1,64,Watch,Monitor
REC_1891,2023-04-23,2023,4,Toronto,Ontario,Canada,43.651,-79.347,37.4,41,60.5,2.8,954,Thunderstorm,None,Low,6.1,74,Normal,No Action
REC_1892,2023-09-20,2023,9,Cape Town,Western Cape,South Africa,-33.9249,18.4241,-1.5,76,11.6,73.7,950,Thunderstorm,None,Low,8.3,56,Normal,No Action
REC_1893,2024-07-19,2024,7,Toronto,Ontario,Canada,43.651,-79.347,12.4,58,88.4,44.7,1022,Thunderstorm,Storm,Critical,1.8,89,Emergency,Evacuation Support
REC_1894,2023-07-26,2023,7,Beijing,Beijing,China,39.9042,116.4074,7.5,47,139.2,55.6,997,Clear,Heatwave,Medium,2.3,27,Watch,Monitor
REC_1895,2024-06-07,2024,6,Cape Town,Western Cape,South Africa,-33.9249,18.4241,14.0,90,99.0,97.7,960,Thunderstorm,Cyclone,Critical,2.5,54,Emergency,Evacuation Support
REC_1896,2024-05-17,2024,5,Toronto,Ontario,Canada,43.651,-79.347,14.2,90,163.9,4.1,1039,Thunderstorm,Landslide,High,6.7,36,Warning,Alert Public
REC_1897,2024-12-03,2024,12,Cape Town,Western Cape,South Africa,-33.9249,18.4241,-5.7,27,36.3,89.3,993,Rain,Cyclone,High,9.1,50,Warning,Alert Public
REC_1898,2024-12-20,2024,12,Tokyo,Tokyo,Japan,35.6762,139.6503,16.2,84,4.2,26.0,983,Thunderstorm,None,Low,4.6,46,Normal,No Action
REC_1899,2023-05-11,2023,5,Los Angeles,California,USA,34.0522,-118.2437,0.3,37,53.5,97.1,992,Thunderstorm,Storm,High,0.5,17,Warning,Alert Public
REC_1900,2023-12-01,2023,12,Beijing,Beijing,China,39.9042,116.4074,-5.2,23,144.3,8.0,981,Snow,Landslide,Critical,3.0,7,Emergency,Evacuation Support
REC_1901,2023-07-18,2023,7,Mumbai,Maharashtra,India,19.076,72.8777,-2.8,57,191.0,29.4,956,Rain,Flood,Medium,1.6,50,Watch,Monitor
REC_1902,2024-02-10,2024,2,Tokyo,Tokyo,Japan,35.6762,139.6503,37.4,10,189.8,43.0,983,Cloudy,None,Low,5.4,79,Normal,No Action
REC_1903,2024-09-22,2024,9,Singapore,Singapore,Singapore,1.3521,103.8198,33.2,19,57.1,32.9,956,Fog,Landslide,High,8.7,89,Warning,Alert Public
REC_1904,2024-08-24,2024,8,Moscow,Moscow,Russia,55.7558,37.6173,19.7,12,54.1,29.2,1032,Cloudy,Landslide,High,5.4,82,Warning,Alert Public
REC_1905,2023-10-17,2023,10,Moscow,Moscow,Russia,55.7558,37.6173,26.8,45,13.0,117.4,1041,Thunderstorm,Cyclone,High,8.2,41,Warning,Alert Public
REC_1906,2024-09-22,2024,9,Dubai,Dubai,UAE,25.2048,55.2708,7.7,48,107.2,34.3,958,Snow,Landslide,High,3.6,78,Warning,Alert Public
REC_1907,2024-05-03,2024,5,Singapore,Singapore,Singapore,1.3521,103.8198,21.5,11,71.7,95.1,1026,Rain,Cyclone,Medium,5.0,31,Watch,Monitor
REC_1908,2024-08-04,2024,8,Los Angeles,California,USA,34.0522,-118.2437,-1.2,90,39.4,111.0,1040,Rain,Cyclone,Medium,5.8,57,Watch,Monitor
REC_1909,2023-04-06,2023,4,Beijing,Beijing,China,39.9042,116.4074,-3.0,14,33.5,111.7,986,Rain,Storm,Medium,8.1,87,Watch,Monitor
REC_1910,2023-06-20,2023,6,Moscow,Moscow,Russia,55.7558,37.6173,42.1,58,50.9,15.1,958,Thunderstorm,None,Low,2.9,43,Normal,No Action
REC_1911,2024-01-13,2024,1,Los Angeles,California,USA,34.0522,-118.2437,-2.6,23,78.2,21.3,1041,Clear,None,Low,2.7,7,Normal,No Action
REC_1912,2023-08-25,2023,8,Toronto,Ontario,Canada,43.651,-79.347,35.0,26,134.8,13.7,975,Rain,None,Low,7.3,56,Normal,No Action
REC_1913,2024-11-20,2024,11,Los Angeles,California,USA,34.0522,-118.2437,0.7,14,118.0,78.6,960,Fog,None,Low,5.7,20,Normal,No Action
REC_1914,2024-03-15,2024,3,Cairo,Cairo,Egypt,30.0444,31.2357,7.9,52,145.4,24.8,956,Thunderstorm,None,Low,4.4,30,Normal,No Action
REC_1915,2024-10-20,2024,10,Tokyo,Tokyo,Japan,35.6762,139.6503,7.3,36,152.6,54.1,968,Thunderstorm,Landslide,High,4.7,29,Warning,Alert Public
REC_1916,2024-06-14,2024,6,Rio de Janeiro,Rio de Janeiro,Brazil,-22.9068,-43.1729,12.6,27,118.3,91.5,1047,Thunderstorm,Cyclone,High,5.3,24,Warning,Alert Public
REC_1917,2024-12-21,2024,12,Sydney,NSW,Australia,-33.8688,151.2093,40.3,35,176.8,29.3,1044,Thunderstorm,None,Low,1.2,78,Normal,No Action
REC_1918,2024-04-09,2024,4,Moscow,Moscow,Russia,55.7558,37.6173,31.2,21,146.8,51.6,964,Fog,None,Low,3.3,44,Normal,No Action
REC_1919,2024-05-22,2024,5,Los Angeles,California,USA,34.0522,-118.2437,17.6,85,36.7,90.4,1018,Rain,Storm,High,7.1,84,Warning,Alert Public
REC_1920,2024-05-23,2024,5,Los Angeles,California,USA,34.0522,-118.2437,16.0,56,139.1,95.7,1030,Thunderstorm,Flood,Medium,8.8,17,Watch,Monitor
REC_1921,2023-02-02,2023,2,Moscow,Moscow,Russia,55.7558,37.6173,39.6,41,135.4,33.2,999,Rain,Storm,High,3.7,80,Warning,Alert Public
REC_1922,2024-11-16,2024,11,Los Angeles,California,USA,34.0522,-118.2437,-4.6,69,144.7,81.6,1039,Rain,Flood,Critical,8.4,60,Emergency,Evacuation Support
REC_1923,2024-03-02,2024,3,Rio de Janeiro,Rio de Janeiro,Brazil,-22.9068,-43.1729,38.8,52,24.7,111.4,979,Thunderstorm,Cyclone,Critical,5.9,88,Emergency,Evacuation Support
REC_1924,2023-06-23,2023,6,Dubai,Dubai,UAE,25.2048,55.2708,15.0,45,196.3,56.1,1019,Clear,None,Low,7.3,39,Normal,No Action
REC_1925,2024-10-09,2024,10,Beijing,Beijing,China,39.9042,116.4074,19.7,58,108.8,24.0,1038,Thunderstorm,None,Low,3.4,52,Normal,No Action
REC_1926,2024-05-11,2024,5,Rio de Janeiro,Rio de Janeiro,Brazil,-22.9068,-43.1729,12.4,51,187.9,64.1,1005,Thunderstorm,Cyclone,Critical,1.0,59,Emergency,Evacuation Support
REC_1927,2023-08-28,2023,8,Beijing,Beijing,China,39.9042,116.4074,22.8,15,13.3,18.7,1016,Clear,Heatwave,Medium,0.5,32,Watch,Monitor
REC_1928,2024-09-25,2024,9,New York,New York,USA,40.7128,-74.006,15.3,74,185.3,113.2,1011,Rain,Flood,Critical,8.1,84,Emergency,Evacuation Support
REC_1929,2024-10-09,2024,10,Singapore,Singapore,Singapore,1.3521,103.8198,-8.6,10,167.2,1.6,1009,Fog,Landslide,High,3.8,21,Warning,Alert Public
REC_1930,2024-10-05,2024,10,London,England,UK,51.5074,-0.1278,20.2,18,171.9,7.1,972,Cloudy,None,Low,1.0,86,Normal,No Action
REC_1931,2024-07-09,2024,7,Mumbai,Maharashtra,India,19.076,72.8777,22.0,55,107.8,73.7,972,Thunderstorm,Storm,Medium,7.2,59,Watch,Monitor
REC_1932,2023-08-18,2023,8,Moscow,Moscow,Russia,55.7558,37.6173,40.3,45,34.2,19.0,981,Clear,Heatwave,Critical,3.1,84,Emergency,Evacuation Support
REC_1933,2024-11-14,2024,11,Rio de Janeiro,Rio de Janeiro,Brazil,-22.9068,-43.1729,9.9,56,138.1,48.5,993,Cloudy,Landslide,Critical,4.1,13,Emergency,Evacuation Support
REC_1934,2023-06-27,2023,6,Moscow,Moscow,Russia,55.7558,37.6173,17.3,38,48.2,104.8,995,Rain,Cyclone,High,4.6,87,Warning,Alert Public
REC_1935,2023-11-25,2023,11,Rio de Janeiro,Rio de Janeiro,Brazil,-22.9068,-43.1729,22.4,26,131.8,46.1,964,Clear,None,Low,1.6,24,Normal,No Action
REC_1936,2024-07-07,2024,7,Moscow,Moscow,Russia,55.7558,37.6173,5.2,84,65.1,6.3,974,Rain,Landslide,High,3.6,62,Warning,Alert Public
REC_1937,2024-08-20,2024,8,New York,New York,USA,40.7128,-74.006,18.2,43,162.4,66.4,1002,Thunderstorm,Landslide,High,8.0,51,Warning,Alert Public
REC_1938,2024-01-13,2024,1,Sydney,NSW,Australia,-33.8688,151.2093,32.3,11,154.2,95.6,996,Rain,Storm,Medium,1.0,82,Watch,Monitor
REC_1939,2024-04-18,2024,4,Tokyo,Tokyo,Japan,35.6762,139.6503,-5.6,25,106.6,106.4,987,Rain,Cyclone,Medium,0.8,17,Watch,Monitor
REC_1940,2023-07-26,2023,7,Paris,Ile-de-France,France,48.8566,2.3522,11.7,45,39.3,51.9,974,Thunderstorm,None,Low,8.1,86,Normal,No Action
REC_1941,2023-06-26,2023,6,Mumbai,Maharashtra,India,19.076,72.8777,16.0,24,87.7,16.4,999,Clear,Heatwave,High,3.4,32,Warning,Alert Public
REC_1942,2023-02-23,2023,2,Cairo,Cairo,Egypt,30.0444,31.2357,9.3,88,108.1,58.7,993,Cloudy,None,Low,3.1,10,Normal,No Action
REC_1943,2023-11-09,2023,11,Paris,Ile-de-France,France,48.8566,2.3522,21.8,99,170.9,15.1,962,Rain,Flood,Medium,9.0,58,Watch,Monitor
REC_1944,2024-03-05,2024,3,Tokyo,Tokyo,Japan,35.6762,139.6503,5.9,59,134.7,81.8,987,Thunderstorm,Cyclone,Critical,1.6,14,Emergency,Evacuation Support
REC_1945,2023-12-20,2023,12,Los Angeles,California,USA,34.0522,-118.2437,36.7,25,66.7,61.8,1000,Clear,None,Low,2.3,6,Normal,No Action
REC_1946,2023-09-14,2023,9,Cape Town,Western Cape,South Africa,-33.9249,18.4241,12.6,61,54.7,117.4,1009,Thunderstorm,Cyclone,Medium,0.8,77,Watch,Monitor
REC_1947,2024-04-19,2024,4,Los Angeles,California,USA,34.0522,-118.2437,-9.5,14,168.4,40.3,987,Rain,None,Low,5.0,29,Normal,No Action
REC_1948,2023-04-16,2023,4,Los Angeles,California,USA,34.0522,-118.2437,14.5,10,97.8,101.8,952,Rain,Storm,High,3.3,68,Warning,Alert Public
REC_1949,2023-08-26,2023,8,Mumbai,Maharashtra,India,19.076,72.8777,4.9,84,190.7,23.6,972,Clear,Drought,Medium,7.0,93,Watch,Monitor
REC_1950,2024-12-13,2024,12,Mumbai,Maharashtra,India,19.076,72.8777,-9.1,93,196.4,13.9,1039,Cloudy,None,Low,2.4,24,Normal,No Action
REC_1951,2024-02-02,2024,2,Rio de Janeiro,Rio de Janeiro,Brazil,-22.9068,-43.1729,23.0,31,175.6,62.5,1034,Rain,Flood,Medium,9.1,70,Watch,Monitor
REC_1952,2023-11-17,2023,11,Sydney,NSW,Australia,-33.8688,151.2093,-8.1,11,123.4,87.0,958,Rain,Cyclone,Critical,3.4,36,Emergency,Evacuation Support
REC_1953,2024-07-22,2024,7,Singapore,Singapore,Singapore,1.3521,103.8198,25.3,25,107.4,44.2,991,Thunderstorm,None,Low,6.2,14,Normal,No Action
REC_1954,2024-11-28,2024,11,Rio de Janeiro,Rio de Janeiro,Brazil,-22.9068,-43.1729,38.7,50,12.5,86.1,963,Rain,Storm,Critical,2.4,37,Emergency,Evacuation Support
REC_1955,2024-08-26,2024,8,Toronto,Ontario,Canada,43.651,-79.347,3.2,83,157.7,52.7,1004,Cloudy,Landslide,High,1.2,76,Warning,Alert Public
REC_1956,2023-11-25,2023,11,London,England,UK,51.5074,-0.1278,-7.3,26,86.3,102.2,1020,Thunderstorm,Storm,High,3.3,17,Warning,Alert Public
REC_1957,2024-05-23,2024,5,London,England,UK,51.5074,-0.1278,-2.0,78,15.1,89.2,963,Rain,Storm,Medium,5.7,18,Watch,Monitor
REC_1958,2024-04-17,2024,4,Toronto,Ontario,Canada,43.651,-79.347,5.8,25,177.9,35.7,1041,Thunderstorm,None,Low,0.9,71,Normal,No Action
REC_1959,2024-06-27,2024,6,Paris,Ile-de-France,France,48.8566,2.3522,31.5,51,85.7,3.4,951,Fog,Landslide,Medium,6.8,86,Watch,Monitor
REC_1960,2023-05-02,2023,5,New York,New York,USA,40.7128,-74.006,33.7,45,6.3,3.0,1036,Rain,None,Low,0.9,60,Normal,No Action
REC_1961,2024-04-17,2024,4,Cape Town,Western Cape,South Africa,-33.9249,18.4241,41.7,77,24.1,20.1,950,Clear,Heatwave,High,6.6,5,Warning,Alert Public
REC_1962,2024-02-07,2024,2,New York,New York,USA,40.7128,-74.006,40.8,27,29.5,119.7,986,Thunderstorm,Storm,Critical,4.3,57,Emergency,Evacuation Support
REC_1963,2024-09-13,2024,9,Cape Town,Western Cape,South Africa,-33.9249,18.4241,2.8,22,45.7,93.3,1010,Thunderstorm,Storm,Medium,6.7,24,Watch,Monitor
REC_1964,2024-06-20,2024,6,Tokyo,Tokyo,Japan,35.6762,139.6503,6.3,43,176.1,4.7,1030,Rain,Flood,Medium,9.1,37,Watch,Monitor
REC_1965,2024-05-16,2024,5,Dubai,Dubai,UAE,25.2048,55.2708,7.0,34,53.8,19.9,996,Rain,Cyclone,Critical,5.3,89,Emergency,Evacuation Support
REC_1966,2023-10-11,2023,10,Singapore,Singapore,Singapore,1.3521,103.8198,11.1,38,5.6,97.3,1003,Rain,Cyclone,High,6.8,9,Warning,Alert Public
REC_1967,2023-10-10,2023,10,New York,New York,USA,40.7128,-74.006,12.8,10,112.2,55.0,989,Cloudy,Landslide,Critical,7.5,52,Emergency,Evacuation Support
REC_1968,2024-01-14,2024,1,Sydney,NSW,Australia,-33.8688,151.2093,0.7,86,105.9,3.8,1012,Cloudy,None,Low,3.6,11,Normal,No Action
REC_1969,2024-09-29,2024,9,Dubai,Dubai,UAE,25.2048,55.2708,-3.5,15,2.2,8.5,964,Clear,Heatwave,Medium,7.3,55,Watch,Monitor
REC_1970,2023-04-13,2023,4,Mumbai,Maharashtra,India,19.076,72.8777,7.1,85,162.6,47.8,991,Thunderstorm,None,Low,4.7,48,Normal,No Action
REC_1971,2023-08-12,2023,8,Rio de Janeiro,Rio de Janeiro,Brazil,-22.9068,-43.1729,10.2,10,126.0,56.7,1045,Thunderstorm,Flood,Medium,8.8,71,Watch,Monitor
REC_1972,2023-07-15,2023,7,Toronto,Ontario,Canada,43.651,-79.347,40.2,25,183.3,89.5,1003,Rain,Flood,High,8.6,40,Warning,Alert Public
REC_1973,2024-03-07,2024,3,Los Angeles,California,USA,34.0522,-118.2437,27.5,66,66.7,15.4,1012,Cloudy,Landslide,High,5.9,40,Warning,Alert Public
REC_1974,2024-04-10,2024,4,Dubai,Dubai,UAE,25.2048,55.2708,4.9,39,152.4,75.0,997,Clear,None,Low,4.3,7,Normal,No Action
REC_1975,2023-06-26,2023,6,Cairo,Cairo,Egypt,30.0444,31.2357,-0.9,60,179.8,23.0,950,Rain,Flood,Critical,8.3,18,Emergency,Evacuation Support
REC_1976,2023-10-15,2023,10,London,England,UK,51.5074,-0.1278,44.7,22,139.7,20.9,953,Fog,None,Low,3.7,22,Normal,No Action
REC_1977,2023-03-25,2023,3,Mumbai,Maharashtra,India,19.076,72.8777,10.0,95,88.6,106.9,991,Rain,Storm,Critical,5.3,79,Emergency,Evacuation Support
REC_1978,2024-03-02,2024,3,Los Angeles,California,USA,34.0522,-118.2437,8.2,64,15.2,61.2,1035,Clear,None,Low,3.1,56,Normal,No Action
REC_1979,2023-01-24,2023,1,Dubai,Dubai,UAE,25.2048,55.2708,14.2,40,21.9,94.2,967,Rain,Cyclone,High,7.1,19,Warning,Alert Public
REC_1980,2023-07-08,2023,7,Los Angeles,California,USA,34.0522,-118.2437,42.5,46,194.9,51.1,999,Clear,None,Low,4.0,64,Normal,No Action
REC_1981,2024-07-25,2024,7,London,England,UK,51.5074,-0.1278,-2.9,50,95.9,92.5,966,Rain,Storm,Critical,1.0,43,Emergency,Evacuation Support
REC_1982,2024-07-05,2024,7,Singapore,Singapore,Singapore,1.3521,103.8198,40.0,38,8.4,49.4,978,Snow,None,Low,9.9,94,Normal,No Action
REC_1983,2023-03-30,2023,3,Cape Town,Western Cape,South Africa,-33.9249,18.4241,39.3,44,169.4,82.3,974,Thunderstorm,Storm,Medium,2.3,74,Watch,Monitor
REC_1984,2024-08-14,2024,8,Beijing,Beijing,China,39.9042,116.4074,28.9,17,72.3,106.7,1032,Rain,Storm,Critical,6.4,9,Emergency,Evacuation Support
REC_1985,2024-02-06,2024,2,Tokyo,Tokyo,Japan,35.6762,139.6503,12.0,27,33.8,7.4,1010,Rain,None,Low,3.8,48,Normal,No Action
REC_1986,2023-11-12,2023,11,Tokyo,Tokyo,Japan,35.6762,139.6503,-9.5,98,157.6,80.3,1008,Rain,Cyclone,Critical,4.6,32,Emergency,Evacuation Support
REC_1987,2023-09-14,2023,9,Rio de Janeiro,Rio de Janeiro,Brazil,-22.9068,-43.1729,-0.3,69,118.2,81.8,969,Rain,Flood,High,8.9,36,Warning,Alert Public
REC_1988,2024-06-11,2024,6,Beijing,Beijing,China,39.9042,116.4074,-7.4,66,174.8,39.8,1036,Clear,None,Low,6.9,72,Normal,No Action
REC_1989,2023-11-22,2023,11,Sydney,NSW,Australia,-33.8688,151.2093,40.0,10,101.4,87.7,965,Thunderstorm,Storm,Critical,2.4,14,Emergency,Evacuation Support
REC_1990,2024-12-28,2024,12,Cape Town,Western Cape,South Africa,-33.9249,18.4241,29.1,60,100.4,57.5,1021,Clear,None,Low,4.6,43,Normal,No Action
REC_1991,2024-08-14,2024,8,Rio de Janeiro,Rio de Janeiro,Brazil,-22.9068,-43.1729,-3.7,77,84.2,78.6,963,Clear,None,Low,9.3,31,Normal,No Action
REC_1992,2023-11-21,2023,11,Toronto,Ontario,Canada,43.651,-79.347,25.4,64,113.8,82.5,983,Rain,Cyclone,Critical,6.7,85,Emergency,Evacuation Support
REC_1993,2024-02-18,2024,2,Toronto,Ontario,Canada,43.651,-79.347,11.9,85,114.5,108.6,1009,Rain,Storm,Critical,6.2,46,Emergency,Evacuation Support
REC_1994,2024-06-07,2024,6,Beijing,Beijing,China,39.9042,116.4074,37.5,71,99.1,86.3,1011,Rain,Storm,High,5.3,58,Warning,Alert Public
REC_1995,2023-07-20,2023,7,Dubai,Dubai,UAE,25.2048,55.2708,17.1,18,154.0,73.1,1023,Cloudy,Landslide,High,2.5,44,Warning,Alert Public
REC_1996,2023-09-22,2023,9,London,England,UK,51.5074,-0.1278,33.4,47,125.8,10.1,1045,Rain,Flood,High,10.0,50,Warning,Alert Public
REC_1997,2023-08-18,2023,8,Rio de Janeiro,Rio de Janeiro,Brazil,-22.9068,-43.1729,-5.1,66,157.8,105.5,1036,Thunderstorm,Storm,High,0.5,45,Warning,Alert Public
REC_1998,2023-10-19,2023,10,New York,New York,USA,40.7128,-74.006,1.6,78,1.1,26.9,1030,Clear,None,Low,9.4,81,Normal,No Action
REC_1999,2024-04-15,2024,4,Cape Town,Western Cape,South Africa,-33.9249,18.4241,42.3,96,54.1,64.2,968,Clear,Heatwave,Medium,5.7,26,Watch,Monitor
REC_2000,2024-04-20,2024,4,New York,New York,USA,40.7128,-74.006,-2.8,68,183.2,107.2,984,Rain,Cyclone,High,3.8,31,Warning,Alert Public
REC_2001,2024-11-27,2024,11,Rio de Janeiro,Rio de Janeiro,Brazil,-22.9068,-43.1729,4.7,69,0.1,95.3,992,Rain,Cyclone,Medium,1.6,15,Watch,Monitor
REC_2002,2024-10-17,2024,10,Sydney,NSW,Australia,-33.8688,151.2093,-6.3,52,32.1,99.9,976,Thunderstorm,Storm,High,6.1,46,Warning,Alert Public
REC_2003,2024-10-20,2024,10,Cairo,Cairo,Egypt,30.0444,31.2357,21.7,90,183.6,73.0,1000,Rain,Flood,Critical,9.6,25,Emergency,Evacuation Support
REC_2004,2023-09-29,2023,9,Rio de Janeiro,Rio de Janeiro,Brazil,-22.9068,-43.1729,41.8,65,122.8,46.0,982,Clear,Heatwave,Critical,1.3,90,Emergency,Evacuation Support
REC_2005,2023-04-02,2023,4,Rio de Janeiro,Rio de Janeiro,Brazil,-22.9068,-43.1729,42.7,24,61.7,63.9,1026,Thunderstorm,Cyclone,High,4.9,8,Warning,Alert Public
REC_2006,2024-10-14,2024,10,Cape Town,Western Cape,South Africa,-33.9249,18.4241,25.3,32,60.0,108.6,1025,Rain,Cyclone,High,4.2,74,Warning,Alert Public
REC_2007,2023-07-12,2023,7,Paris,Ile-de-France,France,48.8566,2.3522,-6.0,51,108.4,59.2,970,Thunderstorm,None,Low,1.6,6,Normal,No Action
REC_2008,2024-06-19,2024,6,Cape Town,Western Cape,South Africa,-33.9249,18.4241,24.7,84,146.6,56.1,957,Rain,Storm,High,4.4,95,Warning,Alert Public
REC_2009,2023-10-25,2023,10,Dubai,Dubai,UAE,25.2048,55.2708,20.1,61,187.9,100.7,1037,Thunderstorm,Storm,Critical,2.6,15,Emergency,Evacuation Support
REC_2010,2024-10-09,2024,10,Sydney,NSW,Australia,-33.8688,151.2093,26.3,49,162.5,12.7,956,Rain,None,Low,5.2,9,Normal,No Action
REC_2011,2023-02-04,2023,2,New York,New York,USA,40.7128,-74.006,-4.4,29,199.7,36.9,983,Thunderstorm,Flood,Critical,8.1,55,Emergency,Evacuation Support
REC_2012,2023-08-22,2023,8,Beijing,Beijing,China,39.9042,116.4074,8.9,92,135.3,69.2,1029,Thunderstorm,None,Low,1.7,39,Normal,No Action
REC_2013,2023-05-22,2023,5,Rio de Janeiro,Rio de Janeiro,Brazil,-22.9068,-43.1729,36.4,76,0.3,89.4,1047,Rain,Cyclone,Medium,2.2,45,Watch,Monitor
REC_2014,2024-12-01,2024,12,Cairo,Cairo,Egypt,30.0444,31.2357,17.9,57,70.5,74.3,951,Rain,None,Low,4.9,37,Normal,No Action
REC_2015,2024-12-18,2024,12,New York,New York,USA,40.7128,-74.006,26.9,21,172.7,64.5,951,Fog,None,Low,2.7,78,Normal,No Action
REC_2016,2023-06-10,2023,6,Moscow,Moscow,Russia,55.7558,37.6173,-2.0,13,139.8,38.6,1050,Thunderstorm,Flood,High,9.1,57,Warning,Alert Public
REC_2017,2023-10-16,2023,10,Beijing,Beijing,China,39.9042,116.4074,5.6,95,12.5,35.8,986,Rain,None,Low,6.6,88,Normal,No Action
REC_2018,2023-10-13,2023,10,Cairo,Cairo,Egypt,30.0444,31.2357,26.7,29,66.7,87.9,980,Thunderstorm,Cyclone,Medium,8.9,24,Watch,Monitor
REC_2019,2024-12-06,2024,12,Mumbai,Maharashtra,India,19.076,72.8777,-1.6,35,63.5,37.8,952,Cloudy,None,Low,3.0,73,Normal,No Action
REC_2020,2024-06-11,2024,6,London,England,UK,51.5074,-0.1278,23.1,25,119.6,3.9,966,Rain,None,Low,6.8,71,Normal,No Action
REC_2021,2024-04-02,2024,4,Sydney,NSW,Australia,-33.8688,151.2093,17.7,74,99.9,112.6,1020,Thunderstorm,Storm,High,7.8,89,Warning,Alert Public
REC_2022,2024-09-05,2024,9,Singapore,Singapore,Singapore,1.3521,103.8198,16.5,26,78.4,100.1,1036,Rain,Storm,Medium,7.7,92,Watch,Monitor
REC_2023,2023-05-02,2023,5,London,England,UK,51.5074,-0.1278,13.8,88,181.7,12.1,983,Fog,Landslide,High,0.8,58,Warning,Alert Public
REC_2024,2023-07-11,2023,7,Cape Town,Western Cape,South Africa,-33.9249,18.4241,32.2,22,105.3,116.1,1020,Thunderstorm,Storm,High,0.7,83,Warning,Alert Public
REC_2025,2024-11-07,2024,11,Paris,Ile-de-France,France,48.8566,2.3522,19.1,63,117.5,25.0,971,Rain,Landslide,Medium,5.6,87,Watch,Monitor
REC_2026,2023-11-02,2023,11,Toronto,Ontario,Canada,43.651,-79.347,4.1,20,170.6,103.8,1018,Thunderstorm,Cyclone,Critical,3.2,67,Emergency,Evacuation Support
REC_2027,2023-04-25,2023,4,Beijing,Beijing,China,39.9042,116.4074,5.8,31,47.9,95.0,973,Thunderstorm,Cyclone,Critical,3.9,78,Emergency,Evacuation Support
REC_2028,2024-08-13,2024,8,Mumbai,Maharashtra,India,19.076,72.8777,-3.8,10,73.8,88.3,1028,Thunderstorm,Cyclone,High,9.5,83,Warning,Alert Public
REC_2029,2024-03-25,2024,3,Tokyo,Tokyo,Japan,35.6762,139.6503,40.4,67,0.5,33.6,963,Clear,Heatwave,High,4.1,71,Warning,Alert Public
REC_2030,2023-09-19,2023,9,Tokyo,Tokyo,Japan,35.6762,139.6503,25.8,96,2.4,47.0,972,Clear,None,Low,9.0,71,Normal,No Action
REC_2031,2024-11-16,2024,11,Mumbai,Maharashtra,India,19.076,72.8777,35.4,35,196.8,70.3,970,Thunderstorm,Landslide,Critical,5.4,73,Emergency,Evacuation Support
REC_2032,2023-04-03,2023,4,Tokyo,Tokyo,Japan,35.6762,139.6503,3.3,54,197.6,82.3,960,Thunderstorm,Storm,Medium,0.6,17,Watch,Monitor
REC_2033,2023-10-05,2023,10,Tokyo,Tokyo,Japan,35.6762,139.6503,42.7,87,96.2,66.4,951,Clear,Heatwave,High,6.5,52,Warning,Alert Public
REC_2034,2023-07-10,2023,7,Tokyo,Tokyo,Japan,35.6762,139.6503,-5.7,82,31.6,13.3,1035,Fog,None,Low,8.5,68,Normal,No Action
REC_2035,2024-06-12,2024,6,Los Angeles,California,USA,34.0522,-118.2437,4.7,90,31.2,72.8,997,Cloudy,None,Low,6.2,68,Normal,No Action
REC_2036,2023-07-04,2023,7,Paris,Ile-de-France,France,48.8566,2.3522,21.1,34,189.5,111.3,1011,Thunderstorm,Storm,Critical,5.6,60,Emergency,Evacuation Support
REC_2037,2024-11-13,2024,11,Cape Town,Western Cape,South Africa,-33.9249,18.4241,23.1,57,153.2,101.0,1003,Rain,Flood,Medium,9.7,90,Watch,Monitor
REC_2038,2024-02-13,2024,2,Los Angeles,California,USA,34.0522,-118.2437,32.0,89,46.1,80.4,979,Thunderstorm,Storm,High,1.7,48,Warning,Alert Public
REC_2039,2024-12-03,2024,12,Sydney,NSW,Australia,-33.8688,151.2093,-1.4,75,13.4,75.3,1012,Thunderstorm,None,Low,4.3,15,Normal,No Action
REC_2040,2023-10-02,2023,10,Cape Town,Western Cape,South Africa,-33.9249,18.4241,11.0,32,39.7,6.7,1017,Snow,None,Low,4.0,24,Normal,No Action
REC_2041,2023-01-31,2023,1,Cairo,Cairo,Egypt,30.0444,31.2357,8.2,44,163.3,88.5,1028,Thunderstorm,Flood,Medium,8.1,63,Watch,Monitor
REC_2042,2024-05-21,2024,5,Mumbai,Maharashtra,India,19.076,72.8777,29.0,21,149.6,3.8,1026,Cloudy,None,Low,6.3,47,Normal,No Action
REC_2043,2024-01-23,2024,1,Toronto,Ontario,Canada,43.651,-79.347,5.2,12,56.0,13.0,1032,Rain,Flood,Medium,9.8,26,Watch,Monitor
REC_2044,2024-07-29,2024,7,Tokyo,Tokyo,Japan,35.6762,139.6503,-1.8,68,23.8,116.4,972,Rain,Storm,High,5.8,52,Warning,Alert Public
REC_2045,2023-11-27,2023,11,Los Angeles,California,USA,34.0522,-118.2437,18.8,40,187.1,58.2,979,Clear,Heatwave,Critical,2.0,22,Emergency,Evacuation Support
REC_2046,2023-01-30,2023,1,Cape Town,Western Cape,South Africa,-33.9249,18.4241,43.3,68,107.1,29.6,1016,Clear,Heatwave,Medium,7.7,57,Watch,Monitor
REC_2047,2023-07-25,2023,7,Rio de Janeiro,Rio de Janeiro,Brazil,-22.9068,-43.1729,29.5,92,158.6,49.6,992,Clear,Drought,High,6.9,40,Warning,Alert Public
REC_2048,2023-10-08,2023,10,Los Angeles,California,USA,34.0522,-118.2437,-2.3,77,38.1,111.1,990,Thunderstorm,Storm,High,3.3,54,Warning,Alert Public
REC_2049,2024-12-24,2024,12,Paris,Ile-de-France,France,48.8566,2.3522,37.3,26,136.3,42.6,975,Clear,None,Low,7.8,51,Normal,No Action
REC_2050,2023-04-13,2023,4,Sydney,NSW,Australia,-33.8688,151.2093,5.9,10,77.7,32.5,963,Thunderstorm,None,Low,6.7,48,Normal,No Action
REC_2051,2024-10-22,2024,10,Los Angeles,California,USA,34.0522,-118.2437,36.6,23,143.8,119.0,1016,Thunderstorm,Storm,Medium,0.9,74,Watch,Monitor
REC_2052,2024-04-22,2024,4,Toronto,Ontario,Canada,43.651,-79.347,40.9,91,179.0,19.7,1034,Clear,Heatwave,Critical,1.2,85,Emergency,Evacuation Support
REC_2053,2024-01-08,2024,1,Los Angeles,California,USA,34.0522,-118.2437,38.0,12,14.5,54.5,993,Rain,None,Low,5.7,9,Normal,No Action
REC_2054,2024-01-23,2024,1,London,England,UK,51.5074,-0.1278,17.5,90,171.6,50.9,989,Thunderstorm,None,Low,6.3,37,Normal,No Action
REC_2055,2024-10-26,2024,10,Sydney,NSW,Australia,-33.8688,151.2093,-4.6,25,169.9,66.7,1034,Cloudy,None,Low,0.8,23,Normal,No Action
REC_2056,2023-05-25,2023,5,Rio de Janeiro,Rio de Janeiro,Brazil,-22.9068,-43.1729,37.3,80,16.7,70.7,959,Cloudy,None,Low,9.2,49,Normal,No Action
REC_2057,2024-11-18,2024,11,Tokyo,Tokyo,Japan,35.6762,139.6503,9.4,49,188.5,40.1,1038,Snow,Landslide,Critical,1.5,64,Emergency,Evacuation Support
REC_2058,2023-05-26,2023,5,Rio de Janeiro,Rio de Janeiro,Brazil,-22.9068,-43.1729,6.7,72,58.2,14.6,1029,Cloudy,None,Low,2.1,87,Normal,No Action
REC_2059,2023-02-15,2023,2,Moscow,Moscow,Russia,55.7558,37.6173,1.6,28,97.1,88.7,1036,Rain,Cyclone,Critical,4.6,17,Emergency,Evacuation Support
REC_2060,2024-01-17,2024,1,Dubai,Dubai,UAE,25.2048,55.2708,31.8,23,116.0,60.2,998,Clear,Landslide,High,6.0,68,Warning,Alert Public
REC_2061,2023-05-19,2023,5,Dubai,Dubai,UAE,25.2048,55.2708,-4.8,24,35.1,49.7,966,Cloudy,None,Low,9.4,88,Normal,No Action
REC_2062,2023-11-08,2023,11,Moscow,Moscow,Russia,55.7558,37.6173,-6.2,97,185.4,10.7,1004,Snow,None,Low,3.2,15,Normal,No Action
REC_2063,2024-03-29,2024,3,Mumbai,Maharashtra,India,19.076,72.8777,19.6,22,37.4,115.5,976,Rain,Cyclone,Critical,0.6,19,Emergency,Evacuation Support
REC_2064,2023-05-22,2023,5,Toronto,Ontario,Canada,43.651,-79.347,39.0,65,4.8,80.9,1044,Clear,Heatwave,High,2.5,41,Warning,Alert Public
REC_2065,2023-01-03,2023,1,Cape Town,Western Cape,South Africa,-33.9249,18.4241,12.2,84,118.2,15.6,981,Rain,Flood,Medium,8.8,43,Watch,Monitor
REC_2066,2023-11-21,2023,11,London,England,UK,51.5074,-0.1278,14.5,71,194.0,36.2,1050,Rain,None,Low,6.0,55,Normal,No Action
REC_2067,2024-11-20,2024,11,Toronto,Ontario,Canada,43.651,-79.347,34.0,70,93.0,31.9,959,Fog,None,Low,1.6,75,Normal,No Action
REC_2068,2024-03-15,2024,3,Mumbai,Maharashtra,India,19.076,72.8777,2.3,24,180.1,84.3,988,Rain,Storm,Critical,1.1,65,Emergency,Evacuation Support
REC_2069,2023-12-20,2023,12,Toronto,Ontario,Canada,43.651,-79.347,28.9,88,25.7,32.7,1033,Clear,Heatwave,Critical,7.0,72,Emergency,Evacuation Support
REC_2070,2023-01-25,2023,1,Dubai,Dubai,UAE,25.2048,55.2708,32.0,35,75.5,32.7,993,Rain,None,Low,4.9,39,Normal,No Action
REC_2071,2024-05-30,2024,5,Tokyo,Tokyo,Japan,35.6762,139.6503,2.1,86,45.6,44.7,969,Clear,None,Low,2.4,61,Normal,No Action
REC_2072,2023-05-19,2023,5,Sydney,NSW,Australia,-33.8688,151.2093,32.1,22,167.8,48.9,1017,Rain,None,Low,2.0,20,Normal,No Action
REC_2073,2024-03-08,2024,3,Singapore,Singapore,Singapore,1.3521,103.8198,30.5,96,98.0,71.5,1042,Rain,None,Low,8.8,43,Normal,No Action
REC_2074,2023-08-11,2023,8,Toronto,Ontario,Canada,43.651,-79.347,17.6,15,8.8,70.0,1011,Thunderstorm,Flood,Critical,2.7,54,Emergency,Evacuation Support
REC_2075,2024-05-26,2024,5,Sydney,NSW,Australia,-33.8688,151.2093,31.3,77,123.2,53.1,1041,Thunderstorm,None,Low,2.9,19,Normal,No Action
REC_2076,2023-01-14,2023,1,London,England,UK,51.5074,-0.1278,23.5,74,74.4,82.3,1007,Rain,Storm,Critical,1.9,63,Emergency,Evacuation Support
REC_2077,2024-10-28,2024,10,Singapore,Singapore,Singapore,1.3521,103.8198,3.2,61,120.9,16.1,969,Thunderstorm,Flood,Medium,9.3,49,Watch,Monitor
REC_2078,2024-11-13,2024,11,Dubai,Dubai,UAE,25.2048,55.2708,2.8,54,197.5,21.1,1001,Thunderstorm,Flood,Critical,8.1,13,Emergency,Evacuation Support
REC_2079,2024-03-28,2024,3,Beijing,Beijing,China,39.9042,116.4074,38.6,86,158.0,22.8,995,Rain,Flood,High,8.7,75,Warning,Alert Public
REC_2080,2024-05-02,2024,5,Mumbai,Maharashtra,India,19.076,72.8777,-9.0,97,180.2,32.9,1048,Thunderstorm,Storm,Medium,0.7,28,Watch,Monitor
REC_2081,2024-08-15,2024,8,Beijing,Beijing,China,39.9042,116.4074,4.0,96,131.1,9.9,1008,Rain,None,Low,5.8,55,Normal,No Action
REC_2082,2023-07-30,2023,7,Toronto,Ontario,Canada,43.651,-79.347,-1.5,24,129.3,22.3,1010,Rain,Flood,High,9.3,69,Warning,Alert Public
REC_2083,2023-12-04,2023,12,Dubai,Dubai,UAE,25.2048,55.2708,-0.4,36,89.2,54.5,1046,Fog,Landslide,Medium,3.3,17,Watch,Monitor
REC_2084,2023-08-14,2023,8,Toronto,Ontario,Canada,43.651,-79.347,-2.7,87,185.2,95.9,1014,Rain,Flood,Critical,9.5,76,Emergency,Evacuation Support
REC_2085,2023-11-05,2023,11,Paris,Ile-de-France,France,48.8566,2.3522,-5.0,79,127.7,73.0,997,Thunderstorm,None,Low,1.6,62,Normal,No Action
REC_2086,2023-01-01,2023,1,Rio de Janeiro,Rio de Janeiro,Brazil,-22.9068,-43.1729,6.8,75,23.2,83.0,1006,Thunderstorm,Storm,High,4.1,51,Warning,Alert Public
REC_2087,2024-05-10,2024,5,Singapore,Singapore,Singapore,1.3521,103.8198,17.5,28,85.6,117.1,1033,Thunderstorm,Storm,Medium,6.1,85,Watch,Monitor
REC_2088,2024-08-03,2024,8,Tokyo,Tokyo,Japan,35.6762,139.6503,0.0,82,194.3,48.3,1046,Thunderstorm,None,Low,3.3,35,Normal,No Action
REC_2089,2024-08-25,2024,8,Paris,Ile-de-France,France,48.8566,2.3522,-0.4,87,183.3,82.9,1007,Thunderstorm,Cyclone,Medium,5.6,92,Watch,Monitor
REC_2090,2024-02-19,2024,2,Cape Town,Western Cape,South Africa,-33.9249,18.4241,21.7,27,150.2,78.8,981,Rain,None,Low,1.4,40,Normal,No Action
REC_2091,2024-03-28,2024,3,Beijing,Beijing,China,39.9042,116.4074,27.7,86,66.0,92.1,1018,Rain,Cyclone,High,1.3,44,Warning,Alert Public
REC_2092,2024-10-28,2024,10,Dubai,Dubai,UAE,25.2048,55.2708,2.5,33,159.8,37.2,1015,Fog,Landslide,High,7.4,51,Warning,Alert Public
REC_2093,2024-02-15,2024,2,Cape Town,Western Cape,South Africa,-33.9249,18.4241,22.5,64,25.9,78.6,951,Clear,None,Low,5.2,45,Normal,No Action
REC_2094,2024-03-26,2024,3,Moscow,Moscow,Russia,55.7558,37.6173,-4.0,90,62.8,85.7,1017,Thunderstorm,Storm,High,7.9,21,Warning,Alert Public
REC_2095,2024-10-26,2024,10,Dubai,Dubai,UAE,25.2048,55.2708,31.7,34,97.8,57.5,954,Rain,None,Low,1.1,8,Normal,No Action
REC_2096,2024-08-31,2024,8,Sydney,NSW,Australia,-33.8688,151.2093,-8.6,62,48.8,3.9,1028,Thunderstorm,Cyclone,Medium,1.0,20,Watch,Monitor
REC_2097,2023-08-23,2023,8,Rio de Janeiro,Rio de Janeiro,Brazil,-22.9068,-43.1729,6.9,80,138.9,113.5,989,Rain,Storm,Critical,2.7,75,Emergency,Evacuation Support
REC_2098,2023-12-30,2023,12,Los Angeles,California,USA,34.0522,-118.2437,39.9,11,76.1,101.3,950,Rain,Storm,Medium,5.9,88,Watch,Monitor
REC_2099,2024-07-10,2024,7,Paris,Ile-de-France,France,48.8566,2.3522,23.7,42,12.3,28.7,981,Thunderstorm,Cyclone,Medium,2.5,59,Watch,Monitor
REC_2100,2024-07-03,2024,7,Dubai,Dubai,UAE,25.2048,55.2708,34.1,17,30.9,7.7,1006,Clear,None,Low,1.3,72,Normal,No Action
REC_2101,2024-06-08,2024,6,Paris,Ile-de-France,France,48.8566,2.3522,32.2,74,159.8,52.8,1038,Clear,None,Low,8.0,74,Normal,No Action
REC_2102,2023-04-10,2023,4,Los Angeles,California,USA,34.0522,-118.2437,8.3,61,118.5,10.4,972,Thunderstorm,Flood,Critical,3.6,16,Emergency,Evacuation Support
REC_2103,2024-10-26,2024,10,Dubai,Dubai,UAE,25.2048,55.2708,7.2,90,28.9,116.4,1042,Thunderstorm,Cyclone,Critical,9.3,6,Emergency,Evacuation Support
REC_2104,2024-11-25,2024,11,Toronto,Ontario,Canada,43.651,-79.347,17.0,79,50.9,17.6,959,Clear,Landslide,High,8.6,21,Warning,Alert Public
REC_2105,2023-02-06,2023,2,Mumbai,Maharashtra,India,19.076,72.8777,24.9,27,8.5,51.8,1026,Clear,Drought,Critical,6.7,63,Emergency,Evacuation Support
REC_2106,2024-07-01,2024,7,Toronto,Ontario,Canada,43.651,-79.347,23.4,28,79.1,2.3,1003,Clear,None,Low,3.8,62,Normal,No Action
REC_2107,2023-06-20,2023,6,Tokyo,Tokyo,Japan,35.6762,139.6503,19.8,40,198.5,85.5,1002,Rain,Storm,Critical,1.6,35,Emergency,Evacuation Support
REC_2108,2023-09-11,2023,9,Sydney,NSW,Australia,-33.8688,151.2093,23.1,67,131.3,25.2,1003,Fog,None,Low,0.5,27,Normal,No Action
REC_2109,2024-10-30,2024,10,Beijing,Beijing,China,39.9042,116.4074,16.1,49,29.3,33.2,1022,Fog,None,Low,1.7,25,Normal,No Action
REC_2110,2024-11-04,2024,11,London,England,UK,51.5074,-0.1278,30.8,33,58.1,48.1,980,Cloudy,None,Low,3.7,92,Normal,No Action
REC_2111,2023-05-13,2023,5,Cairo,Cairo,Egypt,30.0444,31.2357,36.2,23,81.5,16.6,1047,Rain,Flood,Critical,2.0,93,Emergency,Evacuation Support
REC_2112,2024-03-04,2024,3,Mumbai,Maharashtra,India,19.076,72.8777,28.7,51,36.7,95.3,1034,Thunderstorm,Storm,Medium,7.8,78,Watch,Monitor
REC_2113,2023-08-20,2023,8,Cape Town,Western Cape,South Africa,-33.9249,18.4241,6.9,61,26.6,57.3,1042,Thunderstorm,Storm,Critical,9.5,76,Emergency,Evacuation Support
REC_2114,2023-05-07,2023,5,Beijing,Beijing,China,39.9042,116.4074,-5.3,48,121.3,24.6,956,Clear,Drought,Critical,5.1,82,Emergency,Evacuation Support
REC_2115,2024-02-28,2024,2,London,England,UK,51.5074,-0.1278,17.3,55,115.1,28.7,979,Rain,Landslide,Critical,0.8,57,Emergency,Evacuation Support
REC_2116,2024-10-01,2024,10,Paris,Ile-de-France,France,48.8566,2.3522,28.6,41,136.5,118.2,989,Thunderstorm,Flood,Critical,9.5,30,Emergency,Evacuation Support
REC_2117,2024-09-26,2024,9,Los Angeles,California,USA,34.0522,-118.2437,44.9,62,198.9,93.8,1049,Clear,Heatwave,Critical,1.7,7,Emergency,Evacuation Support
REC_2118,2023-04-10,2023,4,New York,New York,USA,40.7128,-74.006,7.3,32,190.5,8.4,955,Snow,None,Low,2.1,7,Normal,No Action
REC_2119,2023-08-08,2023,8,Beijing,Beijing,China,39.9042,116.4074,21.6,97,16.4,74.4,1009,Thunderstorm,Flood,High,0.6,62,Warning,Alert Public
REC_2120,2023-06-06,2023,6,Beijing,Beijing,China,39.9042,116.4074,31.4,91,193.5,116.1,1030,Thunderstorm,Cyclone,High,7.5,69,Warning,Alert Public
REC_2121,2023-10-29,2023,10,Dubai,Dubai,UAE,25.2048,55.2708,18.6,32,41.2,61.4,1015,Thunderstorm,Flood,Critical,5.9,36,Emergency,Evacuation Support
REC_2122,2024-10-28,2024,10,Dubai,Dubai,UAE,25.2048,55.2708,19.1,81,139.4,80.3,1020,Rain,Flood,Critical,9.6,84,Emergency,Evacuation Support
REC_2123,2024-09-05,2024,9,Cairo,Cairo,Egypt,30.0444,31.2357,-4.6,42,180.1,58.3,955,Thunderstorm,Flood,Medium,8.7,37,Watch,Monitor
REC_2124,2023-03-31,2023,3,Paris,Ile-de-France,France,48.8566,2.3522,-9.6,90,1.9,67.0,1002,Snow,None,Low,0.6,22,Normal,No Action
REC_2125,2023-01-20,2023,1,Toronto,Ontario,Canada,43.651,-79.347,26.8,78,147.4,94.0,965,Thunderstorm,Storm,High,7.1,15,Warning,Alert Public
REC_2126,2023-12-28,2023,12,Singapore,Singapore,Singapore,1.3521,103.8198,1.3,15,146.8,88.4,1009,Rain,Flood,Medium,8.1,67,Watch,Monitor
REC_2127,2023-05-28,2023,5,Cape Town,Western Cape,South Africa,-33.9249,18.4241,41.5,52,134.9,15.7,1042,Snow,None,Low,2.7,87,Normal,No Action
REC_2128,2023-12-31,2023,12,Beijing,Beijing,China,39.9042,116.4074,23.4,72,1.7,76.8,1040,Fog,None,Low,0.9,44,Normal,No Action
REC_2129,2024-03-06,2024,3,Sydney,NSW,Australia,-33.8688,151.2093,22.0,11,179.4,39.4,1038,Thunderstorm,None,Low,7.1,5,Normal,No Action
REC_2130,2023-06-05,2023,6,Paris,Ile-de-France,France,48.8566,2.3522,-8.4,94,146.5,12.8,1025,Clear,Heatwave,High,1.0,45,Warning,Alert Public
REC_2131,2023-02-15,2023,2,Dubai,Dubai,UAE,25.2048,55.2708,-2.1,87,53.1,55.8,995,Thunderstorm,Landslide,Critical,9.0,74,Emergency,Evacuation Support
REC_2132,2023-06-25,2023,6,Toronto,Ontario,Canada,43.651,-79.347,-7.5,54,95.1,78.3,1032,Rain,Landslide,Critical,1.5,94,Emergency,Evacuation Support
REC_2133,2024-08-26,2024,8,Rio de Janeiro,Rio de Janeiro,Brazil,-22.9068,-43.1729,13.2,21,159.8,54.0,1034,Snow,None,Low,1.4,60,Normal,No Action
REC_2134,2023-01-25,2023,1,Tokyo,Tokyo,Japan,35.6762,139.6503,9.3,37,22.0,42.7,1035,Rain,None,Low,0.9,11,Normal,No Action
REC_2135,2024-07-06,2024,7,New York,New York,USA,40.7128,-74.006,34.0,65,144.7,17.0,1001,Fog,Landslide,High,2.9,89,Warning,Alert Public
REC_2136,2024-02-21,2024,2,Los Angeles,California,USA,34.0522,-118.2437,36.1,92,132.3,90.4,1028,Thunderstorm,Storm,High,2.2,6,Warning,Alert Public
REC_2137,2023-07-24,2023,7,Mumbai,Maharashtra,India,19.076,72.8777,18.7,85,31.6,82.0,963,Rain,Storm,High,4.2,17,Warning,Alert Public
REC_2138,2024-02-04,2024,2,London,England,UK,51.5074,-0.1278,-0.3,92,173.2,1.7,1011,Clear,None,Low,6.1,23,Normal,No Action
REC_2139,2023-06-20,2023,6,Tokyo,Tokyo,Japan,35.6762,139.6503,38.5,24,46.2,114.3,974,Rain,Cyclone,High,4.2,41,Warning,Alert Public
REC_2140,2023-05-27,2023,5,Tokyo,Tokyo,Japan,35.6762,139.6503,22.0,45,149.3,83.0,995,Rain,Storm,Medium,5.5,21,Watch,Monitor
REC_2141,2023-12-11,2023,12,London,England,UK,51.5074,-0.1278,37.8,86,21.9,1.2,1004,Fog,None,Low,1.2,26,Normal,No Action
REC_2142,2024-08-27,2024,8,Beijing,Beijing,China,39.9042,116.4074,39.4,22,133.5,3.1,1020,Rain,Flood,High,9.7,72,Warning,Alert Public
REC_2143,2024-04-02,2024,4,Cape Town,Western Cape,South Africa,-33.9249,18.4241,21.0,60,175.1,99.5,1047,Thunderstorm,Cyclone,High,1.0,80,Warning,Alert Public
REC_2144,2024-08-22,2024,8,Los Angeles,California,USA,34.0522,-118.2437,14.1,85,145.2,51.6,974,Thunderstorm,Flood,Medium,9.8,73,Watch,Monitor
REC_2145,2024-10-24,2024,10,Dubai,Dubai,UAE,25.2048,55.2708,40.0,92,8.0,7.2,1018,Clear,Heatwave,Critical,8.0,83,Emergency,Evacuation Support
REC_2146,2024-12-19,2024,12,Rio de Janeiro,Rio de Janeiro,Brazil,-22.9068,-43.1729,20.0,84,19.7,83.9,962,Thunderstorm,Cyclone,Critical,8.5,21,Emergency,Evacuation Support
REC_2147,2024-06-16,2024,6,London,England,UK,51.5074,-0.1278,-2.9,86,140.2,116.0,1027,Rain,Storm,Medium,2.0,24,Watch,Monitor
REC_2148,2023-12-23,2023,12,Tokyo,Tokyo,Japan,35.6762,139.6503,22.7,88,26.4,22.8,967,Rain,Cyclone,Critical,5.7,14,Emergency,Evacuation Support
REC_2149,2023-06-15,2023,6,Toronto,Ontario,Canada,43.651,-79.347,16.0,52,143.5,58.7,976,Rain,Flood,Critical,8.4,6,Emergency,Evacuation Support
REC_2150,2024-11-18,2024,11,London,England,UK,51.5074,-0.1278,24.3,84,46.1,24.6,979,Snow,None,Low,7.8,78,Normal,No Action
REC_2151,2024-05-13,2024,5,New York,New York,USA,40.7128,-74.006,13.8,81,173.9,22.0,1043,Snow,Landslide,High,5.8,42,Warning,Alert Public
REC_2152,2023-01-18,2023,1,Cape Town,Western Cape,South Africa,-33.9249,18.4241,44.5,25,154.6,0.1,962,Cloudy,Landslide,High,2.0,14,Warning,Alert Public
REC_2153,2023-05-23,2023,5,Rio de Janeiro,Rio de Janeiro,Brazil,-22.9068,-43.1729,8.9,17,51.8,37.4,1047,Rain,Landslide,Medium,1.2,27,Watch,Monitor
REC_2154,2024-07-29,2024,7,Paris,Ile-de-France,France,48.8566,2.3522,35.5,13,133.3,33.8,966,Thunderstorm,None,Low,7.9,33,Normal,No Action
REC_2155,2023-02-05,2023,2,Toronto,Ontario,Canada,43.651,-79.347,24.6,100,163.0,118.5,1007,Rain,Storm,Critical,7.0,44,Emergency,Evacuation Support
REC_2156,2024-11-11,2024,11,London,England,UK,51.5074,-0.1278,20.5,44,180.4,101.4,979,Thunderstorm,Storm,High,4.3,77,Warning,Alert Public
REC_2157,2024-09-12,2024,9,Moscow,Moscow,Russia,55.7558,37.6173,25.8,64,187.6,118.1,950,Thunderstorm,Cyclone,Critical,3.6,79,Emergency,Evacuation Support
REC_2158,2024-05-12,2024,5,Cairo,Cairo,Egypt,30.0444,31.2357,22.7,32,195.7,39.2,953,Thunderstorm,Flood,High,9.1,77,Warning,Alert Public
REC_2159,2024-05-10,2024,5,Beijing,Beijing,China,39.9042,116.4074,9.5,86,56.5,105.0,990,Rain,Storm,Medium,6.2,42,Watch,Monitor
REC_2160,2023-08-31,2023,8,Cairo,Cairo,Egypt,30.0444,31.2357,18.5,32,103.0,10.0,1023,Clear,None,Low,4.0,88,Normal,No Action
REC_2161,2024-11-16,2024,11,Sydney,NSW,Australia,-33.8688,151.2093,19.0,66,147.0,69.5,996,Thunderstorm,Landslide,High,5.5,8,Warning,Alert Public
REC_2162,2024-02-20,2024,2,Los Angeles,California,USA,34.0522,-118.2437,23.4,85,70.5,11.0,1031,Fog,None,Low,3.0,77,Normal,No Action
REC_2163,2024-03-24,2024,3,Sydney,NSW,Australia,-33.8688,151.2093,-3.8,74,5.5,78.4,990,Thunderstorm,None,Low,4.3,74,Normal,No Action
REC_2164,2023-05-14,2023,5,Los Angeles,California,USA,34.0522,-118.2437,40.4,96,12.5,85.3,1011,Clear,Heatwave,High,3.2,54,Warning,Alert Public
REC_2165,2023-07-22,2023,7,Moscow,Moscow,Russia,55.7558,37.6173,4.4,93,124.7,43.9,989,Fog,None,Low,3.5,60,Normal,No Action
REC_2166,2023-03-11,2023,3,Cairo,Cairo,Egypt,30.0444,31.2357,15.3,64,145.7,79.5,992,Cloudy,None,Low,4.5,51,Normal,No Action
REC_2167,2024-07-11,2024,7,New York,New York,USA,40.7128,-74.006,1.3,93,144.7,8.9,1043,Thunderstorm,Cyclone,High,0.9,56,Warning,Alert Public
REC_2168,2024-09-12,2024,9,Moscow,Moscow,Russia,55.7558,37.6173,15.9,83,6.6,106.5,1048,Rain,Storm,High,8.9,41,Warning,Alert Public
REC_2169,2024-03-04,2024,3,Beijing,Beijing,China,39.9042,116.4074,34.6,76,30.9,108.8,1001,Rain,Cyclone,Medium,2.2,71,Watch,Monitor
REC_2170,2024-03-22,2024,3,Mumbai,Maharashtra,India,19.076,72.8777,33.9,54,76.2,27.0,1028,Clear,None,Low,6.1,12,Normal,No Action
REC_2171,2024-09-21,2024,9,Rio de Janeiro,Rio de Janeiro,Brazil,-22.9068,-43.1729,-6.9,10,79.0,98.9,1049,Thunderstorm,Cyclone,Medium,9.4,55,Watch,Monitor
REC_2172,2023-01-15,2023,1,New York,New York,USA,40.7128,-74.006,9.4,76,111.7,4.3,955,Cloudy,None,Low,4.9,68,Normal,No Action
REC_2173,2023-02-22,2023,2,Cairo,Cairo,Egypt,30.0444,31.2357,17.0,67,119.4,20.8,969,Rain,None,Low,5.3,38,Normal,No Action
REC_2174,2024-02-22,2024,2,London,England,UK,51.5074,-0.1278,-9.5,61,190.1,26.4,989,Fog,None,Low,7.8,22,Normal,No Action
REC_2175,2024-06-26,2024,6,Beijing,Beijing,China,39.9042,116.4074,1.3,89,178.6,29.6,1021,Clear,Drought,Medium,5.9,29,Watch,Monitor
REC_2176,2024-12-18,2024,12,Moscow,Moscow,Russia,55.7558,37.6173,14.8,88,127.4,105.6,958,Thunderstorm,Storm,Critical,6.5,85,Emergency,Evacuation Support
REC_2177,2024-12-09,2024,12,Toronto,Ontario,Canada,43.651,-79.347,35.7,10,128.1,6.2,1025,Rain,Flood,Medium,9.3,81,Watch,Monitor
REC_2178,2023-02-02,2023,2,Dubai,Dubai,UAE,25.2048,55.2708,15.5,47,102.3,83.6,1014,Thunderstorm,Cyclone,High,4.2,62,Warning,Alert Public
REC_2179,2024-08-05,2024,8,Los Angeles,California,USA,34.0522,-118.2437,15.3,52,143.8,73.8,1007,Clear,None,Low,1.8,39,Normal,No Action
REC_2180,2023-12-12,2023,12,Cairo,Cairo,Egypt,30.0444,31.2357,20.7,87,171.2,42.5,1003,Thunderstorm,Flood,High,8.4,31,Warning,Alert Public
REC_2181,2023-04-26,2023,4,New York,New York,USA,40.7128,-74.006,11.6,13,62.1,106.9,1041,Rain,Cyclone,Critical,1.0,29,Emergency,Evacuation Support
REC_2182,2024-10-05,2024,10,Tokyo,Tokyo,Japan,35.6762,139.6503,28.7,36,44.8,84.9,955,Thunderstorm,Storm,Medium,1.1,36,Watch,Monitor
REC_2183,2023-03-05,2023,3,Beijing,Beijing,China,39.9042,116.4074,33.9,56,145.4,67.4,969,Cloudy,None,Low,2.0,33,Normal,No Action
REC_2184,2024-04-21,2024,4,Moscow,Moscow,Russia,55.7558,37.6173,31.6,78,84.5,63.9,958,Clear,None,Low,5.2,75,Normal,No Action
REC_2185,2024-09-02,2024,9,Beijing,Beijing,China,39.9042,116.4074,15.9,45,58.9,21.8,1037,Snow,None,Low,4.7,18,Normal,No Action
REC_2186,2023-05-23,2023,5,Dubai,Dubai,UAE,25.2048,55.2708,26.3,33,46.6,89.2,975,Thunderstorm,Cyclone,Critical,7.4,6,Emergency,Evacuation Support
REC_2187,2024-12-03,2024,12,New York,New York,USA,40.7128,-74.006,31.8,69,28.9,10.9,1035,Thunderstorm,None,Low,1.9,92,Normal,No Action
REC_2188,2024-11-20,2024,11,London,England,UK,51.5074,-0.1278,36.7,59,145.2,63.5,1045,Rain,Flood,Medium,9.8,61,Watch,Monitor
REC_2189,2023-12-16,2023,12,Paris,Ile-de-France,France,48.8566,2.3522,7.2,49,3.3,64.8,957,Thunderstorm,Flood,High,8.5,61,Warning,Alert Public
REC_2190,2024-09-10,2024,9,Sydney,NSW,Australia,-33.8688,151.2093,20.1,17,14.0,20.1,996,Clear,None,Low,1.8,65,Normal,No Action
REC_2191,2024-12-18,2024,12,Los Angeles,California,USA,34.0522,-118.2437,15.8,73,170.1,68.3,1036,Rain,Flood,Critical,8.7,77,Emergency,Evacuation Support
REC_2192,2023-10-25,2023,10,New York,New York,USA,40.7128,-74.006,29.2,43,111.0,16.2,981,Clear,Landslide,High,4.1,83,Warning,Alert Public
REC_2193,2023-05-17,2023,5,Paris,Ile-de-France,France,48.8566,2.3522,-4.5,100,103.3,26.2,982,Clear,Drought,High,8.0,48,Warning,Alert Public
REC_2194,2024-05-28,2024,5,Cairo,Cairo,Egypt,30.0444,31.2357,-4.4,68,67.5,9.4,1024,Rain,Landslide,High,9.0,21,Warning,Alert Public
REC_2195,2023-09-24,2023,9,Beijing,Beijing,China,39.9042,116.4074,3.7,47,66.1,81.5,967,Rain,Cyclone,High,4.0,95,Warning,Alert Public
REC_2196,2023-05-05,2023,5,Tokyo,Tokyo,Japan,35.6762,139.6503,18.3,21,86.9,21.7,983,Rain,None,Low,2.2,50,Normal,No Action
REC_2197,2024-04-27,2024,4,Rio de Janeiro,Rio de Janeiro,Brazil,-22.9068,-43.1729,42.3,78,92.4,118.8,965,Clear,Heatwave,Medium,3.6,21,Watch,Monitor
REC_2198,2023-07-12,2023,7,Tokyo,Tokyo,Japan,35.6762,139.6503,-9.8,21,92.9,72.2,1006,Cloudy,Landslide,High,8.9,49,Warning,Alert Public
REC_2199,2024-06-24,2024,6,Mumbai,Maharashtra,India,19.076,72.8777,-6.4,90,103.7,67.1,1026,Rain,None,Low,3.0,27,Normal,No Action
REC_2200,2024-10-28,2024,10,Dubai,Dubai,UAE,25.2048,55.2708,2.8,31,134.4,29.4,1014,Clear,Drought,High,4.1,63,Warning,Alert Public
REC_2201,2023-10-19,2023,10,Singapore,Singapore,Singapore,1.3521,103.8198,30.3,60,113.4,10.8,1024,Thunderstorm,None,Low,2.5,51,Normal,No Action
REC_2202,2023-01-27,2023,1,Cairo,Cairo,Egypt,30.0444,31.2357,20.4,55,103.2,55.8,992,Clear,Landslide,Medium,1.2,7,Watch,Monitor
REC_2203,2024-03-15,2024,3,Rio de Janeiro,Rio de Janeiro,Brazil,-22.9068,-43.1729,-6.5,48,55.7,14.7,1046,Thunderstorm,Flood,Critical,9.2,73,Emergency,Evacuation Support
REC_2204,2024-03-31,2024,3,Tokyo,Tokyo,Japan,35.6762,139.6503,0.5,55,60.0,42.8,981,Fog,None,Low,1.0,35,Normal,No Action
REC_2205,2023-12-29,2023,12,Cape Town,Western Cape,South Africa,-33.9249,18.4241,13.2,29,6.8,17.1,1046,Cloudy,None,Low,3.9,44,Normal,No Action
REC_2206,2023-01-08,2023,1,New York,New York,USA,40.7128,-74.006,4.9,36,186.3,77.4,1033,Clear,None,Low,1.8,61,Normal,No Action
REC_2207,2023-06-02,2023,6,Cairo,Cairo,Egypt,30.0444,31.2357,25.3,57,23.8,41.2,1014,Snow,None,Low,8.7,48,Normal,No Action
REC_2208,2024-08-27,2024,8,Los Angeles,California,USA,34.0522,-118.2437,17.8,10,138.9,25.1,961,Thunderstorm,None,Low,3.8,62,Normal,No Action
REC_2209,2024-03-10,2024,3,Cape Town,Western Cape,South Africa,-33.9249,18.4241,41.1,86,193.9,74.7,955,Clear,Heatwave,Critical,5.7,32,Emergency,Evacuation Support
REC_2210,2024-04-27,2024,4,Rio de Janeiro,Rio de Janeiro,Brazil,-22.9068,-43.1729,1.5,32,116.1,49.1,1008,Snow,None,Low,6.7,84,Normal,No Action
REC_2211,2024-02-27,2024,2,Tokyo,Tokyo,Japan,35.6762,139.6503,25.8,76,121.6,94.7,1034,Thunderstorm,Storm,Medium,6.6,50,Watch,Monitor
REC_2212,2024-01-08,2024,1,Cairo,Cairo,Egypt,30.0444,31.2357,37.4,80,163.8,1.3,1046,Thunderstorm,Cyclone,Critical,4.6,15,Emergency,Evacuation Support
REC_2213,2024-03-14,2024,3,Mumbai,Maharashtra,India,19.076,72.8777,18.1,100,40.3,39.5,1008,Rain,None,Low,4.8,13,Normal,No Action
REC_2214,2024-11-04,2024,11,Cape Town,Western Cape,South Africa,-33.9249,18.4241,25.7,43,33.3,50.0,1045,Fog,None,Low,3.5,19,Normal,No Action
REC_2215,2024-07-12,2024,7,Los Angeles,California,USA,34.0522,-118.2437,37.3,41,3.9,44.5,989,Cloudy,None,Low,5.1,58,Normal,No Action
REC_2216,2023-10-09,2023,10,Dubai,Dubai,UAE,25.2048,55.2708,12.6,79,163.0,102.5,1012,Thunderstorm,Cyclone,Medium,7.0,18,Watch,Monitor
REC_2217,2023-02-27,2023,2,Los Angeles,California,USA,34.0522,-118.2437,11.6,31,13.3,77.0,1050,Clear,None,Low,6.8,9,Normal,No Action
REC_2218,2024-11-20,2024,11,Cape Town,Western Cape,South Africa,-33.9249,18.4241,27.2,23,104.3,93.2,997,Thunderstorm,Storm,High,2.5,82,Warning,Alert Public
REC_2219,2024-07-26,2024,7,Tokyo,Tokyo,Japan,35.6762,139.6503,23.0,48,180.4,13.9,1040,Rain,Flood,High,8.1,50,Warning,Alert Public
REC_2220,2023-10-30,2023,10,Mumbai,Maharashtra,India,19.076,72.8777,38.9,69,158.5,115.9,1025,Rain,Flood,High,9.2,46,Warning,Alert Public
REC_2221,2024-02-17,2024,2,New York,New York,USA,40.7128,-74.006,24.8,100,189.7,12.4,1005,Fog,None,Low,3.2,85,Normal,No Action
REC_2222,2023-09-21,2023,9,Moscow,Moscow,Russia,55.7558,37.6173,10.0,98,101.5,0.0,957,Rain,Flood,Critical,8.3,81,Emergency,Evacuation Support
REC_2223,2023-05-11,2023,5,Beijing,Beijing,China,39.9042,116.4074,2.9,43,52.4,19.3,951,Thunderstorm,Landslide,High,5.9,84,Warning,Alert Public
REC_2224,2024-12-15,2024,12,Sydney,NSW,Australia,-33.8688,151.2093,39.2,58,81.4,24.6,1043,Snow,None,Low,0.7,66,Normal,No Action
REC_2225,2024-02-21,2024,2,Tokyo,Tokyo,Japan,35.6762,139.6503,-0.9,80,131.3,26.6,1009,Snow,None,Low,1.8,72,Normal,No Action
REC_2226,2024-07-19,2024,7,Beijing,Beijing,China,39.9042,116.4074,34.6,26,155.4,72.5,982,Rain,Storm,Medium,1.6,87,Watch,Monitor
REC_2227,2024-12-01,2024,12,Dubai,Dubai,UAE,25.2048,55.2708,3.2,81,173.9,114.4,999,Rain,Storm,Medium,5.2,91,Watch,Monitor
REC_2228,2023-03-30,2023,3,Toronto,Ontario,Canada,43.651,-79.347,19.2,47,65.0,98.8,995,Rain,Storm,High,7.4,90,Warning,Alert Public
REC_2229,2024-02-05,2024,2,Dubai,Dubai,UAE,25.2048,55.2708,-3.8,20,74.4,90.2,994,Thunderstorm,Cyclone,Medium,9.7,49,Watch,Monitor
REC_2230,2023-01-15,2023,1,Singapore,Singapore,Singapore,1.3521,103.8198,21.8,65,123.6,85.4,1004,Rain,Flood,Medium,8.8,35,Watch,Monitor
REC_2231,2024-12-30,2024,12,Toronto,Ontario,Canada,43.651,-79.347,33.9,73,64.8,19.4,1005,Snow,None,Low,7.0,48,Normal,No Action
REC_2232,2023-02-20,2023,2,Singapore,Singapore,Singapore,1.3521,103.8198,17.3,84,51.6,81.2,990,Rain,Storm,Medium,6.6,76,Watch,Monitor
REC_2233,2024-01-01,2024,1,Cairo,Cairo,Egypt,30.0444,31.2357,24.4,66,47.0,113.3,1009,Thunderstorm,Storm,High,0.7,36,Warning,Alert Public
REC_2234,2023-12-23,2023,12,Dubai,Dubai,UAE,25.2048,55.2708,15.4,15,179.2,108.5,1022,Thunderstorm,Storm,Medium,4.4,67,Watch,Monitor
REC_2235,2024-03-21,2024,3,Tokyo,Tokyo,Japan,35.6762,139.6503,-4.4,57,138.2,56.7,1002,Thunderstorm,None,Low,1.8,39,Normal,No Action
REC_2236,2024-06-28,2024,6,London,England,UK,51.5074,-0.1278,15.0,22,26.7,114.3,958,Thunderstorm,Cyclone,Critical,7.2,10,Emergency,Evacuation Support
REC_2237,2024-10-08,2024,10,Singapore,Singapore,Singapore,1.3521,103.8198,-5.2,86,17.4,73.4,981,Rain,None,Low,4.2,51,Normal,No Action
REC_2238,2023-03-18,2023,3,Los Angeles,California,USA,34.0522,-118.2437,-4.0,50,72.1,89.8,1038,Thunderstorm,Storm,Medium,8.5,69,Watch,Monitor
REC_2239,2024-10-26,2024,10,Paris,Ile-de-France,France,48.8566,2.3522,4.0,12,145.3,83.3,956,Thunderstorm,Cyclone,High,3.5,78,Warning,Alert Public
REC_2240,2023-06-21,2023,6,Singapore,Singapore,Singapore,1.3521,103.8198,36.2,93,64.5,97.4,1022,Rain,Cyclone,Medium,7.8,58,Watch,Monitor
REC_2241,2024-08-17,2024,8,Mumbai,Maharashtra,India,19.076,72.8777,15.5,81,30.8,34.3,983,Clear,None,Low,5.9,92,Normal,No Action
REC_2242,2023-08-30,2023,8,Singapore,Singapore,Singapore,1.3521,103.8198,30.6,55,76.7,56.5,1039,Cloudy,Landslide,High,2.0,46,Warning,Alert Public
REC_2243,2023-12-28,2023,12,New York,New York,USA,40.7128,-74.006,-3.8,77,188.3,105.3,1014,Rain,Cyclone,Critical,3.9,95,Emergency,Evacuation Support
REC_2244,2023-10-31,2023,10,Los Angeles,California,USA,34.0522,-118.2437,-1.9,20,71.9,76.8,950,Thunderstorm,Storm,Critical,2.4,77,Emergency,Evacuation Support
REC_2245,2024-10-19,2024,10,London,England,UK,51.5074,-0.1278,-7.3,42,194.4,59.1,1042,Thunderstorm,None,Low,5.8,65,Normal,No Action
REC_2246,2024-01-24,2024,1,Toronto,Ontario,Canada,43.651,-79.347,37.6,31,62.7,100.4,955,Thunderstorm,Cyclone,Medium,8.1,32,Watch,Monitor
REC_2247,2023-05-22,2023,5,London,England,UK,51.5074,-0.1278,14.1,22,132.3,112.3,1050,Rain,Cyclone,High,1.3,18,Warning,Alert Public
REC_2248,2023-08-03,2023,8,Sydney,NSW,Australia,-33.8688,151.2093,27.3,62,144.7,53.4,963,Thunderstorm,Flood,Critical,1.3,38,Emergency,Evacuation Support
REC_2249,2023-06-18,2023,6,Tokyo,Tokyo,Japan,35.6762,139.6503,36.6,25,21.2,74.7,1043,Thunderstorm,None,Low,1.4,82,Normal,No Action
REC_2250,2023-12-13,2023,12,Sydney,NSW,Australia,-33.8688,151.2093,41.2,24,195.9,81.5,996,Rain,Cyclone,Critical,1.9,29,Emergency,Evacuation Support
REC_2251,2023-03-05,2023,3,Rio de Janeiro,Rio de Janeiro,Brazil,-22.9068,-43.1729,-1.4,53,167.6,1.4,1001,Thunderstorm,Flood,Medium,8.3,83,Watch,Monitor
REC_2252,2024-01-20,2024,1,Los Angeles,California,USA,34.0522,-118.2437,5.1,62,20.0,84.9,1044,Rain,Cyclone,Medium,6.8,16,Watch,Monitor
REC_2253,2023-06-12,2023,6,Beijing,Beijing,China,39.9042,116.4074,3.5,19,97.7,68.1,978,Snow,None,Low,2.8,93,Normal,No Action
REC_2254,2024-05-09,2024,5,Los Angeles,California,USA,34.0522,-118.2437,18.3,21,154.1,15.9,1003,Rain,None,Low,4.3,7,Normal,No Action
REC_2255,2023-10-16,2023,10,Los Angeles,California,USA,34.0522,-118.2437,43.4,19,130.3,52.4,962,Thunderstorm,Flood,High,8.5,95,Warning,Alert Public
REC_2256,2024-02-01,2024,2,Mumbai,Maharashtra,India,19.076,72.8777,38.7,18,151.1,42.2,1004,Clear,None,Low,6.1,71,Normal,No Action
REC_2257,2024-05-24,2024,5,London,England,UK,51.5074,-0.1278,28.7,49,148.4,8.0,1021,Clear,Drought,Medium,2.8,41,Watch,Monitor
REC_2258,2024-03-29,2024,3,Dubai,Dubai,UAE,25.2048,55.2708,-1.2,29,37.9,7.8,1045,Clear,None,Low,8.9,36,Normal,No Action
REC_2259,2024-12-13,2024,12,Rio de Janeiro,Rio de Janeiro,Brazil,-22.9068,-43.1729,25.0,44,6.1,95.9,990,Thunderstorm,Storm,High,5.7,36,Warning,Alert Public
REC_2260,2024-06-28,2024,6,Sydney,NSW,Australia,-33.8688,151.2093,8.0,40,160.1,119.8,996,Thunderstorm,Storm,High,5.2,16,Warning,Alert Public
REC_2261,2023-03-28,2023,3,Singapore,Singapore,Singapore,1.3521,103.8198,42.5,50,59.9,100.8,1039,Thunderstorm,Cyclone,Critical,7.5,83,Emergency,Evacuation Support
REC_2262,2024-12-13,2024,12,Toronto,Ontario,Canada,43.651,-79.347,-9.4,12,40.9,40.9,1026,Rain,Cyclone,High,3.6,61,Warning,Alert Public
REC_2263,2024-05-14,2024,5,Singapore,Singapore,Singapore,1.3521,103.8198,32.3,43,104.8,119.8,994,Rain,Cyclone,High,6.5,36,Warning,Alert Public
REC_2264,2024-03-12,2024,3,New York,New York,USA,40.7128,-74.006,15.4,89,162.6,77.2,952,Rain,Flood,High,9.2,60,Warning,Alert Public
REC_2265,2023-01-05,2023,1,Sydney,NSW,Australia,-33.8688,151.2093,27.2,36,59.8,58.5,1050,Thunderstorm,Landslide,Medium,9.9,45,Watch,Monitor
REC_2266,2024-05-14,2024,5,New York,New York,USA,40.7128,-74.006,6.9,10,102.5,9.2,1008,Snow,None,Low,1.5,48,Normal,No Action
REC_2267,2024-12-06,2024,12,Toronto,Ontario,Canada,43.651,-79.347,41.9,49,56.7,13.7,1013,Snow,None,Low,3.0,29,Normal,No Action
REC_2268,2024-03-04,2024,3,Cape Town,Western Cape,South Africa,-33.9249,18.4241,29.6,96,164.1,35.1,1050,Thunderstorm,Flood,High,4.2,50,Warning,Alert Public
REC_2269,2024-06-22,2024,6,New York,New York,USA,40.7128,-74.006,-8.1,37,83.1,72.3,980,Cloudy,None,Low,4.9,6,Normal,No Action
REC_2270,2024-09-08,2024,9,Mumbai,Maharashtra,India,19.076,72.8777,19.2,46,177.7,7.1,977,Fog,None,Low,5.2,42,Normal,No Action
REC_2271,2023-06-30,2023,6,Tokyo,Tokyo,Japan,35.6762,139.6503,17.7,61,12.7,118.3,975,Rain,Cyclone,Critical,2.6,66,Emergency,Evacuation Support
REC_2272,2024-05-09,2024,5,London,England,UK,51.5074,-0.1278,-3.1,66,40.2,49.2,1042,Thunderstorm,None,Low,9.0,18,Normal,No Action
REC_2273,2024-04-16,2024,4,Mumbai,Maharashtra,India,19.076,72.8777,-4.1,61,195.4,113.0,1024,Rain,Storm,Critical,6.7,92,Emergency,Evacuation Support
REC_2274,2024-02-13,2024,2,Rio de Janeiro,Rio de Janeiro,Brazil,-22.9068,-43.1729,31.3,41,24.6,9.7,1043,Cloudy,None,Low,6.6,35,Normal,No Action
REC_2275,2023-09-23,2023,9,Mumbai,Maharashtra,India,19.076,72.8777,-6.4,45,184.8,6.2,990,Thunderstorm,Cyclone,Medium,7.0,21,Watch,Monitor
REC_2276,2023-07-22,2023,7,Singapore,Singapore,Singapore,1.3521,103.8198,17.7,69,76.2,8.0,967,Fog,None,Low,7.5,63,Normal,No Action
REC_2277,2024-08-30,2024,8,Sydney,NSW,Australia,-33.8688,151.2093,21.4,50,26.6,82.1,988,Thunderstorm,Cyclone,Medium,1.3,93,Watch,Monitor
REC_2278,2024-08-30,2024,8,Cairo,Cairo,Egypt,30.0444,31.2357,-5.9,100,101.0,10.6,961,Rain,Cyclone,Medium,3.9,21,Watch,Monitor
REC_2279,2023-06-12,2023,6,Cairo,Cairo,Egypt,30.0444,31.2357,41.3,21,33.2,100.9,963,Rain,Storm,High,8.3,29,Warning,Alert Public
REC_2280,2024-10-25,2024,10,Rio de Janeiro,Rio de Janeiro,Brazil,-22.9068,-43.1729,-8.2,75,47.7,89.9,998,Thunderstorm,Cyclone,High,9.9,38,Warning,Alert Public
REC_2281,2024-06-13,2024,6,Cape Town,Western Cape,South Africa,-33.9249,18.4241,14.2,65,100.7,90.5,1024,Thunderstorm,Cyclone,High,5.8,79,Warning,Alert Public
REC_2282,2024-02-25,2024,2,Moscow,Moscow,Russia,55.7558,37.6173,4.1,36,45.7,48.7,1043,Clear,None,Low,2.8,91,Normal,No Action
REC_2283,2024-12-01,2024,12,Beijing,Beijing,China,39.9042,116.4074,22.7,50,63.4,94.7,989,Thunderstorm,Storm,Medium,2.7,68,Watch,Monitor
REC_2284,2023-03-02,2023,3,New York,New York,USA,40.7128,-74.006,16.3,20,48.8,36.2,1007,Thunderstorm,None,Low,2.6,31,Normal,No Action
REC_2285,2023-06-21,2023,6,Moscow,Moscow,Russia,55.7558,37.6173,-3.8,91,51.1,66.4,980,Clear,None,Low,9.7,83,Normal,No Action
REC_2286,2024-10-06,2024,10,New York,New York,USA,40.7128,-74.006,10.1,55,98.0,2.8,1048,Fog,Landslide,Medium,2.8,28,Watch,Monitor
REC_2287,2024-04-25,2024,4,London,England,UK,51.5074,-0.1278,26.9,40,111.8,11.0,975,Thunderstorm,Cyclone,Critical,4.7,72,Emergency,Evacuation Support
REC_2288,2024-10-24,2024,10,Rio de Janeiro,Rio de Janeiro,Brazil,-22.9068,-43.1729,6.6,57,65.9,93.7,959,Rain,Cyclone,High,1.5,69,Warning,Alert Public
REC_2289,2023-11-29,2023,11,Los Angeles,California,USA,34.0522,-118.2437,12.3,43,157.7,79.2,1029,Rain,None,Low,3.3,49,Normal,No Action
REC_2290,2023-06-12,2023,6,Mumbai,Maharashtra,India,19.076,72.8777,36.2,100,193.4,32.2,996,Fog,None,Low,6.0,94,Normal,No Action
REC_2291,2024-12-05,2024,12,Cairo,Cairo,Egypt,30.0444,31.2357,6.1,46,174.8,17.2,954,Rain,Flood,Critical,2.3,72,Emergency,Evacuation Support
REC_2292,2024-07-18,2024,7,Los Angeles,California,USA,34.0522,-118.2437,32.0,97,140.6,1.5,971,Thunderstorm,Flood,Critical,9.7,31,Emergency,Evacuation Support
REC_2293,2023-11-13,2023,11,Moscow,Moscow,Russia,55.7558,37.6173,13.1,45,16.2,44.8,1021,Rain,None,Low,2.0,16,Normal,No Action
REC_2294,2023-01-30,2023,1,Cape Town,Western Cape,South Africa,-33.9249,18.4241,13.2,72,198.6,119.8,977,Rain,Flood,Critical,9.8,5,Emergency,Evacuation Support
REC_2295,2023-04-19,2023,4,Beijing,Beijing,China,39.9042,116.4074,34.9,52,16.6,12.9,1022,Thunderstorm,None,Low,7.8,5,Normal,No Action
REC_2296,2024-11-30,2024,11,Sydney,NSW,Australia,-33.8688,151.2093,40.9,25,51.1,74.0,1033,Clear,None,Low,5.9,69,Normal,No Action
REC_2297,2024-02-29,2024,2,Mumbai,Maharashtra,India,19.076,72.8777,33.7,67,43.6,50.2,1021,Snow,None,Low,1.9,87,Normal,No Action
REC_2298,2023-02-14,2023,2,Singapore,Singapore,Singapore,1.3521,103.8198,21.4,87,67.0,53.2,996,Thunderstorm,Cyclone,High,5.1,60,Warning,Alert Public
REC_2299,2024-11-16,2024,11,Dubai,Dubai,UAE,25.2048,55.2708,25.2,73,132.7,102.0,1043,Rain,Flood,Critical,9.9,45,Emergency,Evacuation Support
REC_2300,2024-10-16,2024,10,Dubai,Dubai,UAE,25.2048,55.2708,39.0,53,133.4,29.0,1014,Thunderstorm,Landslide,Critical,5.6,55,Emergency,Evacuation Support
REC_2301,2024-02-28,2024,2,Sydney,NSW,Australia,-33.8688,151.2093,10.5,54,147.3,23.3,990,Snow,Landslide,High,4.4,76,Warning,Alert Public
REC_2302,2024-03-12,2024,3,Moscow,Moscow,Russia,55.7558,37.6173,20.8,51,170.1,111.9,996,Thunderstorm,Storm,High,2.5,45,Warning,Alert Public
REC_2303,2024-07-30,2024,7,Beijing,Beijing,China,39.9042,116.4074,32.7,22,41.4,55.0,1041,Snow,None,Low,3.6,86,Normal,No Action
REC_2304,2024-10-03,2024,10,Moscow,Moscow,Russia,55.7558,37.6173,-9.5,73,79.1,105.9,1043,Rain,Storm,High,4.4,27,Warning,Alert Public
REC_2305,2023-07-21,2023,7,Los Angeles,California,USA,34.0522,-118.2437,41.8,46,175.5,9.7,1050,Snow,None,Low,5.0,36,Normal,No Action
REC_2306,2024-03-29,2024,3,Cape Town,Western Cape,South Africa,-33.9249,18.4241,11.3,35,87.8,45.5,987,Cloudy,None,Low,7.7,92,Normal,No Action
REC_2307,2024-06-14,2024,6,Beijing,Beijing,China,39.9042,116.4074,32.8,34,19.0,94.3,1016,Rain,Cyclone,Critical,0.7,39,Emergency,Evacuation Support
REC_2308,2023-03-28,2023,3,Moscow,Moscow,Russia,55.7558,37.6173,3.4,31,68.7,98.8,1043,Rain,Storm,Medium,3.5,30,Watch,Monitor
REC_2309,2024-11-28,2024,11,Singapore,Singapore,Singapore,1.3521,103.8198,31.6,72,87.6,97.8,1036,Rain,Cyclone,Medium,0.7,24,Watch,Monitor
REC_2310,2023-06-02,2023,6,Los Angeles,California,USA,34.0522,-118.2437,0.3,68,60.7,39.5,988,Thunderstorm,None,Low,7.7,30,Normal,No Action
REC_2311,2023-10-23,2023,10,Cairo,Cairo,Egypt,30.0444,31.2357,-8.7,81,180.8,31.1,971,Snow,None,Low,5.8,72,Normal,No Action
REC_2312,2024-03-11,2024,3,Beijing,Beijing,China,39.9042,116.4074,38.3,56,34.2,85.5,1038,Rain,Storm,Medium,1.5,45,Watch,Monitor
REC_2313,2024-01-05,2024,1,Rio de Janeiro,Rio de Janeiro,Brazil,-22.9068,-43.1729,28.0,96,30.7,39.0,967,Fog,None,Low,7.4,19,Normal,No Action
REC_2314,2023-10-31,2023,10,Los Angeles,California,USA,34.0522,-118.2437,-8.3,23,82.9,107.1,1017,Thunderstorm,Cyclone,High,9.7,12,Warning,Alert Public
REC_2315,2024-12-05,2024,12,Sydney,NSW,Australia,-33.8688,151.2093,25.7,41,158.6,82.1,1034,Rain,Cyclone,Medium,3.0,72,Watch,Monitor
REC_2316,2024-03-11,2024,3,Paris,Ile-de-France,France,48.8566,2.3522,-2.8,53,123.0,41.8,955,Thunderstorm,Flood,High,9.1,80,Warning,Alert Public
REC_2317,2024-05-01,2024,5,Moscow,Moscow,Russia,55.7558,37.6173,23.1,65,134.5,114.8,1026,Rain,Storm,High,7.0,20,Warning,Alert Public
REC_2318,2023-03-03,2023,3,London,England,UK,51.5074,-0.1278,7.7,56,143.5,44.8,994,Rain,Landslide,Medium,4.6,36,Watch,Monitor
REC_2319,2023-03-12,2023,3,Moscow,Moscow,Russia,55.7558,37.6173,-5.2,17,42.4,100.4,976,Rain,Storm,Critical,3.2,28,Emergency,Evacuation Support
REC_2320,2023-07-04,2023,7,Paris,Ile-de-France,France,48.8566,2.3522,18.3,73,148.4,24.0,1027,Thunderstorm,Flood,Critical,9.6,68,Emergency,Evacuation Support
REC_2321,2024-07-07,2024,7,Tokyo,Tokyo,Japan,35.6762,139.6503,7.1,66,35.1,0.0,1018,Clear,Heatwave,Critical,4.9,82,Emergency,Evacuation Support
REC_2322,2023-12-31,2023,12,Beijing,Beijing,China,39.9042,116.4074,-6.1,36,95.4,29.4,1023,Rain,None,Low,3.9,10,Normal,No Action
REC_2323,2023-11-23,2023,11,London,England,UK,51.5074,-0.1278,-6.1,14,136.1,113.4,964,Rain,Cyclone,High,7.7,49,Warning,Alert Public
REC_2324,2023-12-26,2023,12,Rio de Janeiro,Rio de Janeiro,Brazil,-22.9068,-43.1729,26.2,78,15.8,3.0,1007,Thunderstorm,None,Low,1.6,37,Normal,No Action
REC_2325,2023-08-04,2023,8,Dubai,Dubai,UAE,25.2048,55.2708,23.3,55,195.6,114.9,1041,Thunderstorm,Cyclone,High,4.8,70,Warning,Alert Public
REC_2326,2024-02-18,2024,2,Dubai,Dubai,UAE,25.2048,55.2708,-9.5,27,72.7,90.3,1030,Thunderstorm,Cyclone,High,5.0,24,Warning,Alert Public
REC_2327,2023-02-22,2023,2,Beijing,Beijing,China,39.9042,116.4074,26.7,55,11.3,39.0,1007,Rain,None,Low,6.4,51,Normal,No Action
REC_2328,2024-05-30,2024,5,Sydney,NSW,Australia,-33.8688,151.2093,6.6,50,70.7,114.5,1035,Thunderstorm,Cyclone,Medium,1.5,64,Watch,Monitor
REC_2329,2023-10-11,2023,10,Paris,Ile-de-France,France,48.8566,2.3522,26.2,19,94.4,33.4,1003,Thunderstorm,Landslide,Medium,2.2,16,Watch,Monitor
REC_2330,2024-06-29,2024,6,London,England,UK,51.5074,-0.1278,16.9,64,193.6,1.7,1046,Rain,None,Low,1.0,30,Normal,No Action
REC_2331,2023-11-04,2023,11,Mumbai,Maharashtra,India,19.076,72.8777,18.4,31,97.9,42.2,1023,Thunderstorm,None,Low,9.6,13,Normal,No Action
REC_2332,2024-12-20,2024,12,Tokyo,Tokyo,Japan,35.6762,139.6503,24.9,25,63.4,55.7,1044,Thunderstorm,Cyclone,High,8.3,63,Warning,Alert Public
REC_2333,2024-11-01,2024,11,Los Angeles,California,USA,34.0522,-118.2437,11.0,78,9.5,100.7,1039,Rain,Cyclone,High,6.0,35,Warning,Alert Public
REC_2334,2024-11-22,2024,11,Beijing,Beijing,China,39.9042,116.4074,37.8,21,167.5,20.1,1038,Thunderstorm,Flood,High,9.6,62,Warning,Alert Public
REC_2335,2024-02-29,2024,2,Cape Town,Western Cape,South Africa,-33.9249,18.4241,3.9,46,135.7,85.2,970,Rain,Cyclone,Medium,1.1,62,Watch,Monitor
REC_2336,2023-05-25,2023,5,Tokyo,Tokyo,Japan,35.6762,139.6503,32.9,47,100.2,47.1,1002,Cloudy,Landslide,Critical,7.8,56,Emergency,Evacuation Support
REC_2337,2024-08-04,2024,8,Toronto,Ontario,Canada,43.651,-79.347,26.3,39,194.2,27.2,963,Cloudy,None,Low,1.4,77,Normal,No Action
REC_2338,2023-02-05,2023,2,Dubai,Dubai,UAE,25.2048,55.2708,33.2,32,162.8,68.5,976,Thunderstorm,Flood,High,9.4,38,Warning,Alert Public
REC_2339,2023-08-05,2023,8,New York,New York,USA,40.7128,-74.006,25.1,59,79.9,92.6,1042,Thunderstorm,Cyclone,Medium,2.3,34,Watch,Monitor
REC_2340,2024-09-12,2024,9,Paris,Ile-de-France,France,48.8566,2.3522,37.1,30,91.2,51.0,1014,Fog,None,Low,8.0,35,Normal,No Action
REC_2341,2023-04-06,2023,4,Toronto,Ontario,Canada,43.651,-79.347,11.3,88,148.6,70.5,1033,Snow,None,Low,2.5,69,Normal,No Action
REC_2342,2024-02-25,2024,2,Sydney,NSW,Australia,-33.8688,151.2093,-1.1,11,119.6,2.8,962,Thunderstorm,Landslide,Critical,5.7,56,Emergency,Evacuation Support
REC_2343,2023-08-03,2023,8,Cape Town,Western Cape,South Africa,-33.9249,18.4241,-2.9,12,162.0,113.0,1004,Rain,Cyclone,Medium,5.2,34,Watch,Monitor
REC_2344,2023-03-25,2023,3,Toronto,Ontario,Canada,43.651,-79.347,37.5,82,113.5,5.2,998,Fog,None,Low,5.1,79,Normal,No Action
REC_2345,2023-08-25,2023,8,Cairo,Cairo,Egypt,30.0444,31.2357,38.1,54,77.3,35.3,990,Thunderstorm,None,Low,7.6,26,Normal,No Action
REC_2346,2024-08-19,2024,8,Singapore,Singapore,Singapore,1.3521,103.8198,6.4,54,9.3,1.6,950,Clear,Heatwave,Medium,7.2,20,Watch,Monitor
REC_2347,2023-07-15,2023,7,Cape Town,Western Cape,South Africa,-33.9249,18.4241,1.6,34,163.4,111.0,1004,Thunderstorm,Cyclone,High,3.5,64,Warning,Alert Public
REC_2348,2024-10-17,2024,10,Cairo,Cairo,Egypt,30.0444,31.2357,33.6,21,50.0,61.5,971,Clear,Drought,High,0.6,18,Warning,Alert Public
REC_2349,2023-01-19,2023,1,Mumbai,Maharashtra,India,19.076,72.8777,12.2,10,22.2,90.4,1003,Rain,Cyclone,Critical,7.9,91,Emergency,Evacuation Support
REC_2350,2024-12-25,2024,12,Beijing,Beijing,China,39.9042,116.4074,15.4,10,5.6,61.8,1015,Fog,None,Low,3.9,35,Normal,No Action
REC_2351,2024-12-03,2024,12,Mumbai,Maharashtra,India,19.076,72.8777,26.5,85,190.4,89.4,1017,Rain,Storm,High,2.4,34,Warning,Alert Public
REC_2352,2024-11-19,2024,11,Cairo,Cairo,Egypt,30.0444,31.2357,29.2,21,41.1,101.1,955,Rain,Cyclone,Critical,7.8,87,Emergency,Evacuation Support
REC_2353,2023-04-22,2023,4,Paris,Ile-de-France,France,48.8566,2.3522,40.8,56,134.2,11.1,1018,Clear,Landslide,High,6.5,78,Warning,Alert Public
REC_2354,2023-08-04,2023,8,Cairo,Cairo,Egypt,30.0444,31.2357,28.1,52,157.3,36.6,1000,Snow,Landslide,Medium,1.3,65,Watch,Monitor
REC_2355,2023-06-07,2023,6,Los Angeles,California,USA,34.0522,-118.2437,-9.9,56,61.9,47.0,997,Fog,Landslide,Medium,1.4,59,Watch,Monitor
REC_2356,2023-11-08,2023,11,Toronto,Ontario,Canada,43.651,-79.347,0.4,58,159.0,74.1,953,Fog,None,Low,3.5,48,Normal,No Action
REC_2357,2023-07-06,2023,7,Singapore,Singapore,Singapore,1.3521,103.8198,26.7,48,58.4,85.5,991,Rain,Cyclone,High,3.7,57,Warning,Alert Public
REC_2358,2024-12-22,2024,12,Cairo,Cairo,Egypt,30.0444,31.2357,-3.7,82,28.5,43.4,1032,Clear,Drought,Critical,8.3,65,Emergency,Evacuation Support
REC_2359,2024-02-24,2024,2,Mumbai,Maharashtra,India,19.076,72.8777,7.6,89,68.5,12.9,1045,Rain,Landslide,High,6.9,8,Warning,Alert Public
REC_2360,2024-06-04,2024,6,Dubai,Dubai,UAE,25.2048,55.2708,42.8,30,52.1,77.1,1039,Snow,None,Low,2.8,67,Normal,No Action
REC_2361,2023-02-28,2023,2,Cape Town,Western Cape,South Africa,-33.9249,18.4241,2.3,71,26.3,116.2,981,Thunderstorm,Cyclone,High,7.1,33,Warning,Alert Public
REC_2362,2024-12-07,2024,12,Los Angeles,California,USA,34.0522,-118.2437,-3.3,94,165.5,16.3,971,Thunderstorm,Flood,Critical,9.1,88,Emergency,Evacuation Support
REC_2363,2024-03-26,2024,3,Dubai,Dubai,UAE,25.2048,55.2708,21.0,60,112.1,1.6,1017,Rain,Flood,High,8.7,38,Warning,Alert Public
REC_2364,2023-08-17,2023,8,Los Angeles,California,USA,34.0522,-118.2437,36.3,38,187.6,105.0,1049,Thunderstorm,Storm,Medium,0.5,18,Watch,Monitor
REC_2365,2023-10-13,2023,10,Mumbai,Maharashtra,India,19.076,72.8777,40.3,69,182.8,53.2,1026,Clear,Heatwave,Medium,2.0,36,Watch,Monitor
REC_2366,2024-08-30,2024,8,Sydney,NSW,Australia,-33.8688,151.2093,0.4,12,142.9,97.0,1049,Rain,Cyclone,High,4.0,68,Warning,Alert Public
REC_2367,2023-12-17,2023,12,New York,New York,USA,40.7128,-74.006,24.1,16,61.3,80.6,1011,Rain,Storm,High,3.4,46,Warning,Alert Public
REC_2368,2023-01-30,2023,1,London,England,UK,51.5074,-0.1278,13.7,80,100.2,100.2,978,Rain,Storm,Critical,5.1,70,Emergency,Evacuation Support
REC_2369,2024-09-29,2024,9,Paris,Ile-de-France,France,48.8566,2.3522,31.6,69,113.0,51.5,1009,Rain,Flood,Medium,9.7,95,Watch,Monitor
REC_2370,2024-09-28,2024,9,Cairo,Cairo,Egypt,30.0444,31.2357,6.5,89,185.7,91.2,1049,Rain,Cyclone,Medium,1.3,42,Watch,Monitor
REC_2371,2024-07-24,2024,7,Singapore,Singapore,Singapore,1.3521,103.8198,15.6,92,40.9,1.0,1037,Clear,None,Low,9.1,6,Normal,No Action
REC_2372,2024-03-19,2024,3,Cairo,Cairo,Egypt,30.0444,31.2357,20.3,37,139.3,72.9,951,Rain,Flood,Critical,8.6,92,Emergency,Evacuation Support
REC_2373,2024-01-13,2024,1,Tokyo,Tokyo,Japan,35.6762,139.6503,-1.1,38,89.2,73.1,1045,Fog,None,Low,3.2,5,Normal,No Action
REC_2374,2024-09-17,2024,9,Singapore,Singapore,Singapore,1.3521,103.8198,16.5,68,101.8,4.6,957,Thunderstorm,None,Low,5.5,12,Normal,No Action
REC_2375,2024-08-10,2024,8,London,England,UK,51.5074,-0.1278,-8.9,47,109.5,29.2,990,Rain,Landslide,High,3.2,83,Warning,Alert Public
REC_2376,2023-09-15,2023,9,Beijing,Beijing,China,39.9042,116.4074,9.6,79,128.7,85.7,957,Thunderstorm,Storm,High,8.0,40,Warning,Alert Public
REC_2377,2023-08-16,2023,8,London,England,UK,51.5074,-0.1278,16.4,78,183.7,71.9,985,Fog,None,Low,4.9,74,Normal,No Action
REC_2378,2024-10-30,2024,10,Beijing,Beijing,China,39.9042,116.4074,15.7,15,44.4,77.4,974,Rain,Cyclone,High,8.5,16,Warning,Alert Public
REC_2379,2024-12-28,2024,12,Los Angeles,California,USA,34.0522,-118.2437,-4.7,21,78.7,45.3,990,Cloudy,Landslide,Critical,2.0,54,Emergency,Evacuation Support
REC_2380,2024-05-14,2024,5,Singapore,Singapore,Singapore,1.3521,103.8198,14.5,17,109.7,6.1,1026,Snow,None,Low,3.7,55,Normal,No Action
REC_2381,2024-11-03,2024,11,Singapore,Singapore,Singapore,1.3521,103.8198,36.6,99,79.4,29.3,1030,Thunderstorm,Landslide,Critical,6.8,75,Emergency,Evacuation Support
REC_2382,2024-11-06,2024,11,Rio de Janeiro,Rio de Janeiro,Brazil,-22.9068,-43.1729,12.7,65,82.4,42.2,961,Snow,None,Low,3.6,73,Normal,No Action
REC_2383,2024-05-06,2024,5,Dubai,Dubai,UAE,25.2048,55.2708,36.0,99,59.9,5.1,989,Thunderstorm,Landslide,Medium,5.7,84,Watch,Monitor
REC_2384,2024-08-26,2024,8,Cape Town,Western Cape,South Africa,-33.9249,18.4241,-8.3,89,197.9,112.1,974,Thunderstorm,Cyclone,Medium,6.8,95,Watch,Monitor
REC_2385,2024-10-09,2024,10,Cape Town,Western Cape,South Africa,-33.9249,18.4241,35.8,28,77.8,79.1,977,Rain,Storm,Medium,9.4,52,Watch,Monitor
REC_2386,2024-12-12,2024,12,Mumbai,Maharashtra,India,19.076,72.8777,15.0,100,165.8,108.9,958,Thunderstorm,Storm,Critical,5.6,82,Emergency,Evacuation Support
REC_2387,2023-01-30,2023,1,Los Angeles,California,USA,34.0522,-118.2437,11.2,76,12.0,60.0,1049,Cloudy,None,Low,7.8,61,Normal,No Action
REC_2388,2023-08-24,2023,8,Tokyo,Tokyo,Japan,35.6762,139.6503,5.6,64,131.8,9.7,1029,Rain,None,Low,7.2,36,Normal,No Action
REC_2389,2023-01-07,2023,1,Beijing,Beijing,China,39.9042,116.4074,-7.3,100,105.7,114.2,965,Thunderstorm,Cyclone,Medium,4.1,69,Watch,Monitor
REC_2390,2023-09-30,2023,9,Paris,Ile-de-France,France,48.8566,2.3522,11.9,55,123.8,7.3,1008,Thunderstorm,Flood,Critical,8.5,39,Emergency,Evacuation Support
REC_2391,2023-11-30,2023,11,New York,New York,USA,40.7128,-74.006,2.0,90,126.4,95.1,1020,Thunderstorm,Storm,High,6.2,70,Warning,Alert Public
REC_2392,2023-09-21,2023,9,Toronto,Ontario,Canada,43.651,-79.347,20.4,85,24.7,114.6,951,Thunderstorm,Storm,High,1.7,94,Warning,Alert Public
REC_2393,2023-02-19,2023,2,Los Angeles,California,USA,34.0522,-118.2437,34.5,68,131.8,43.8,961,Rain,None,Low,1.6,58,Normal,No Action
REC_2394,2023-09-26,2023,9,Beijing,Beijing,China,39.9042,116.4074,29.5,16,35.1,23.7,1036,Clear,None,Low,5.4,78,Normal,No Action
REC_2395,2023-03-01,2023,3,Rio de Janeiro,Rio de Janeiro,Brazil,-22.9068,-43.1729,4.1,25,150.3,83.1,961,Rain,Cyclone,Medium,4.6,36,Watch,Monitor
REC_2396,2023-11-26,2023,11,Los Angeles,California,USA,34.0522,-118.2437,33.7,44,109.8,56.8,957,Clear,None,Low,6.3,91,Normal,No Action
REC_2397,2024-06-12,2024,6,Beijing,Beijing,China,39.9042,116.4074,-6.8,39,140.5,23.5,978,Thunderstorm,Flood,Medium,9.0,60,Watch,Monitor
REC_2398,2024-09-11,2024,9,Los Angeles,California,USA,34.0522,-118.2437,36.7,29,10.6,77.0,998,Rain,Flood,High,6.8,7,Warning,Alert Public
REC_2399,2023-03-22,2023,3,London,England,UK,51.5074,-0.1278,-9.2,38,75.3,1.1,1019,Snow,None,Low,0.6,58,Normal,No Action
REC_2400,2023-02-25,2023,2,Paris,Ile-de-France,France,48.8566,2.3522,45.0,46,135.6,59.3,1031,Clear,Drought,High,3.0,23,Warning,Alert Public
REC_2401,2023-02-21,2023,2,Los Angeles,California,USA,34.0522,-118.2437,6.9,23,122.4,33.3,982,Thunderstorm,Flood,Medium,5.6,13,Watch,Monitor
REC_2402,2024-05-02,2024,5,Paris,Ile-de-France,France,48.8566,2.3522,24.1,53,71.3,71.1,998,Thunderstorm,Cyclone,Critical,7.8,16,Emergency,Evacuation Support
REC_2403,2023-01-11,2023,1,Los Angeles,California,USA,34.0522,-118.2437,35.5,73,25.4,26.8,1017,Rain,None,Low,7.9,81,Normal,No Action
REC_2404,2023-04-10,2023,4,Toronto,Ontario,Canada,43.651,-79.347,19.6,95,78.3,39.6,1016,Fog,Landslide,Critical,5.9,70,Emergency,Evacuation Support
REC_2405,2024-10-27,2024,10,Cape Town,Western Cape,South Africa,-33.9249,18.4241,14.3,51,27.7,54.5,970,Clear,Heatwave,Medium,3.7,78,Watch,Monitor
REC_2406,2023-11-22,2023,11,Rio de Janeiro,Rio de Janeiro,Brazil,-22.9068,-43.1729,33.6,56,29.6,99.2,1039,Thunderstorm,Cyclone,High,9.9,87,Warning,Alert Public
REC_2407,2024-07-12,2024,7,Mumbai,Maharashtra,India,19.076,72.8777,29.9,57,163.2,11.4,1006,Fog,Landslide,Critical,2.6,57,Emergency,Evacuation Support
REC_2408,2023-11-08,2023,11,Toronto,Ontario,Canada,43.651,-79.347,18.3,20,6.3,33.5,1006,Rain,None,Low,5.5,61,Normal,No Action
REC_2409,2023-01-11,2023,1,Singapore,Singapore,Singapore,1.3521,103.8198,6.3,41,7.9,51.4,1046,Clear,None,Low,7.4,19,Normal,No Action
REC_2410,2024-02-29,2024,2,Toronto,Ontario,Canada,43.651,-79.347,31.7,58,51.8,5.4,1036,Fog,Landslide,High,7.5,72,Warning,Alert Public
REC_2411,2024-07-17,2024,7,London,England,UK,51.5074,-0.1278,40.2,11,9.7,84.6,1017,Rain,Cyclone,Critical,5.4,67,Emergency,Evacuation Support
REC_2412,2024-10-23,2024,10,Cairo,Cairo,Egypt,30.0444,31.2357,-6.0,36,152.0,88.6,955,Thunderstorm,Cyclone,Medium,4.0,19,Watch,Monitor
REC_2413,2023-10-13,2023,10,Mumbai,Maharashtra,India,19.076,72.8777,42.8,94,192.1,25.9,1015,Thunderstorm,Flood,High,8.6,77,Warning,Alert Public
REC_2414,2023-01-12,2023,1,Beijing,Beijing,China,39.9042,116.4074,8.1,24,87.6,47.0,1041,Rain,Cyclone,Critical,4.5,24,Emergency,Evacuation Support
REC_2415,2023-04-09,2023,4,Toronto,Ontario,Canada,43.651,-79.347,37.4,24,20.9,41.3,972,Snow,None,Low,9.8,95,Normal,No Action
REC_2416,2023-03-31,2023,3,Beijing,Beijing,China,39.9042,116.4074,26.9,10,116.4,47.9,984,Clear,Heatwave,High,4.3,20,Warning,Alert Public
REC_2417,2024-10-29,2024,10,Toronto,Ontario,Canada,43.651,-79.347,3.1,21,37.3,4.8,1028,Cloudy,None,Low,8.7,77,Normal,No Action
REC_2418,2024-01-09,2024,1,Cape Town,Western Cape,South Africa,-33.9249,18.4241,25.9,61,115.9,22.6,992,Thunderstorm,Flood,Medium,9.4,60,Watch,Monitor
REC_2419,2024-10-27,2024,10,Dubai,Dubai,UAE,25.2048,55.2708,41.3,21,52.9,62.7,1049,Cloudy,Landslide,Critical,6.8,89,Emergency,Evacuation Support
REC_2420,2024-03-02,2024,3,Tokyo,Tokyo,Japan,35.6762,139.6503,29.2,100,50.9,115.7,1023,Rain,Cyclone,Critical,2.2,26,Emergency,Evacuation Support
REC_2421,2024-01-09,2024,1,Cape Town,Western Cape,South Africa,-33.9249,18.4241,31.2,94,7.7,49.8,1018,Rain,None,Low,9.7,64,Normal,No Action
REC_2422,2024-10-15,2024,10,Toronto,Ontario,Canada,43.651,-79.347,36.7,51,148.1,98.6,1004,Thunderstorm,Cyclone,High,3.9,76,Warning,Alert Public
REC_2423,2024-08-29,2024,8,Tokyo,Tokyo,Japan,35.6762,139.6503,31.0,45,119.6,94.2,972,Thunderstorm,Storm,High,6.7,13,Warning,Alert Public
REC_2424,2023-08-12,2023,8,Toronto,Ontario,Canada,43.651,-79.347,10.6,28,164.7,98.3,954,Thunderstorm,Cyclone,Medium,5.5,56,Watch,Monitor
REC_2425,2024-10-15,2024,10,Beijing,Beijing,China,39.9042,116.4074,8.3,79,104.0,99.0,1019,Rain,Cyclone,High,4.3,17,Warning,Alert Public
REC_2426,2023-09-06,2023,9,Beijing,Beijing,China,39.9042,116.4074,8.5,39,112.2,88.3,1028,Thunderstorm,Storm,Critical,4.7,51,Emergency,Evacuation Support
REC_2427,2024-01-10,2024,1,Mumbai,Maharashtra,India,19.076,72.8777,2.1,54,110.1,111.6,1043,Thunderstorm,Cyclone,Medium,5.7,75,Watch,Monitor
REC_2428,2023-05-22,2023,5,Cairo,Cairo,Egypt,30.0444,31.2357,15.9,35,47.1,43.9,1044,Clear,None,Low,9.2,83,Normal,No Action
REC_2429,2024-12-14,2024,12,Toronto,Ontario,Canada,43.651,-79.347,27.1,93,32.0,85.5,984,Rain,Storm,Critical,1.2,62,Emergency,Evacuation Support
REC_2430,2024-01-20,2024,1,Los Angeles,California,USA,34.0522,-118.2437,-2.1,48,80.1,29.2,1006,Clear,None,Low,0.8,63,Normal,No Action
REC_2431,2023-11-04,2023,11,Dubai,Dubai,UAE,25.2048,55.2708,31.0,56,119.7,77.3,983,Cloudy,None,Low,5.3,91,Normal,No Action
REC_2432,2024-02-11,2024,2,Cairo,Cairo,Egypt,30.0444,31.2357,18.9,33,137.1,116.2,1035,Rain,Storm,Critical,3.4,82,Emergency,Evacuation Support
REC_2433,2023-06-12,2023,6,Cape Town,Western Cape,South Africa,-33.9249,18.4241,30.2,13,34.5,2.9,1043,Snow,None,Low,6.3,17,Normal,No Action
REC_2434,2024-08-31,2024,8,Dubai,Dubai,UAE,25.2048,55.2708,24.6,31,7.4,35.0,1009,Thunderstorm,Cyclone,Medium,1.6,28,Watch,Monitor
REC_2435,2024-08-04,2024,8,Sydney,NSW,Australia,-33.8688,151.2093,12.6,91,85.0,116.7,1033,Rain,Cyclone,Medium,8.3,89,Watch,Monitor
REC_2436,2024-01-09,2024,1,Beijing,Beijing,China,39.9042,116.4074,-7.6,37,114.6,21.5,1011,Cloudy,None,Low,5.5,55,Normal,No Action
REC_2437,2023-01-02,2023,1,Toronto,Ontario,Canada,43.651,-79.347,30.2,50,108.9,71.3,1018,Thunderstorm,Flood,Medium,3.9,47,Watch,Monitor
REC_2438,2024-05-24,2024,5,Moscow,Moscow,Russia,55.7558,37.6173,17.4,99,122.2,34.3,1021,Thunderstorm,Flood,High,9.8,82,Warning,Alert Public
REC_2439,2023-07-01,2023,7,New York,New York,USA,40.7128,-74.006,0.2,34,15.8,63.1,988,Clear,Heatwave,Medium,5.3,80,Watch,Monitor
REC_2440,2023-05-01,2023,5,New York,New York,USA,40.7128,-74.006,41.2,30,77.7,25.8,952,Rain,Landslide,High,2.5,64,Warning,Alert Public
REC_2441,2024-05-11,2024,5,Cairo,Cairo,Egypt,30.0444,31.2357,-7.7,83,100.1,46.9,1027,Thunderstorm,Flood,High,9.0,94,Warning,Alert Public
REC_2442,2023-02-03,2023,2,Los Angeles,California,USA,34.0522,-118.2437,27.3,37,18.2,11.6,952,Snow,None,Low,7.2,88,Normal,No Action
REC_2443,2024-08-08,2024,8,Dubai,Dubai,UAE,25.2048,55.2708,34.4,30,117.6,103.1,957,Rain,Storm,Medium,2.6,46,Watch,Monitor
REC_2444,2023-06-18,2023,6,Paris,Ile-de-France,France,48.8566,2.3522,10.3,92,182.4,70.6,954,Snow,None,Low,4.9,9,Normal,No Action
REC_2445,2024-09-21,2024,9,Beijing,Beijing,China,39.9042,116.4074,8.2,34,13.6,93.0,1015,Thunderstorm,Storm,Medium,6.0,51,Watch,Monitor
REC_2446,2023-09-27,2023,9,Singapore,Singapore,Singapore,1.3521,103.8198,41.0,87,107.1,14.4,973,Clear,Heatwave,Medium,5.6,82,Watch,Monitor
REC_2447,2023-10-21,2023,10,Sydney,NSW,Australia,-33.8688,151.2093,35.4,67,164.1,106.2,988,Thunderstorm,Cyclone,Medium,8.0,66,Watch,Monitor
REC_2448,2023-03-22,2023,3,Cape Town,Western Cape,South Africa,-33.9249,18.4241,29.0,12,67.8,91.4,961,Rain,Storm,Critical,1.5,90,Emergency,Evacuation Support
REC_2449,2024-05-30,2024,5,Paris,Ile-de-France,France,48.8566,2.3522,14.5,10,61.3,106.4,970,Rain,Storm,Critical,7.4,17,Emergency,Evacuation Support
REC_2450,2023-03-10,2023,3,Moscow,Moscow,Russia,55.7558,37.6173,17.5,35,98.5,16.0,1014,Clear,None,Low,8.1,5,Normal,No Action
REC_2451,2023-06-04,2023,6,Cape Town,Western Cape,South Africa,-33.9249,18.4241,17.7,59,176.7,116.1,1004,Thunderstorm,Storm,Medium,4.6,75,Watch,Monitor
REC_2452,2024-02-26,2024,2,Toronto,Ontario,Canada,43.651,-79.347,44.8,96,20.9,98.3,958,Clear,Heatwave,Critical,3.5,93,Emergency,Evacuation Support
REC_2453,2024-02-25,2024,2,Beijing,Beijing,China,39.9042,116.4074,15.3,69,197.3,58.8,1009,Clear,Landslide,Critical,0.6,61,Emergency,Evacuation Support
REC_2454,2024-11-27,2024,11,Mumbai,Maharashtra,India,19.076,72.8777,30.8,14,198.7,14.9,986,Rain,Landslide,Critical,6.5,14,Emergency,Evacuation Support
REC_2455,2024-07-04,2024,7,London,England,UK,51.5074,-0.1278,40.4,68,70.0,114.0,955,Clear,Heatwave,Medium,0.7,24,Watch,Monitor
REC_2456,2024-05-06,2024,5,Beijing,Beijing,China,39.9042,116.4074,13.9,86,106.1,25.0,1039,Rain,None,Low,3.1,43,Normal,No Action
REC_2457,2023-08-15,2023,8,Mumbai,Maharashtra,India,19.076,72.8777,-6.0,47,66.7,6.1,1021,Snow,None,Low,7.2,67,Normal,No Action
REC_2458,2024-10-25,2024,10,Beijing,Beijing,China,39.9042,116.4074,33.5,73,67.3,64.6,1036,Thunderstorm,Landslide,Medium,6.6,42,Watch,Monitor
REC_2459,2024-03-28,2024,3,Rio de Janeiro,Rio de Janeiro,Brazil,-22.9068,-43.1729,0.9,49,11.9,24.1,999,Rain,Storm,Critical,1.8,80,Emergency,Evacuation Support
REC_2460,2023-10-25,2023,10,New York,New York,USA,40.7128,-74.006,38.5,32,187.5,63.3,1003,Rain,Flood,Medium,8.5,73,Watch,Monitor
REC_2461,2023-09-02,2023,9,Sydney,NSW,Australia,-33.8688,151.2093,7.2,21,35.0,106.2,956,Rain,Storm,Critical,4.6,78,Emergency,Evacuation Support
REC_2462,2024-11-23,2024,11,Cape Town,Western Cape,South Africa,-33.9249,18.4241,36.1,47,182.4,2.7,1050,Rain,None,Low,2.4,38,Normal,No Action
REC_2463,2023-07-15,2023,7,Toronto,Ontario,Canada,43.651,-79.347,26.5,57,181.8,83.9,989,Rain,Storm,Medium,6.4,38,Watch,Monitor
REC_2464,2023-12-25,2023,12,Cape Town,Western Cape,South Africa,-33.9249,18.4241,34.7,67,165.5,9.3,979,Fog,Landslide,High,3.3,51,Warning,Alert Public
REC_2465,2024-06-13,2024,6,Los Angeles,California,USA,34.0522,-118.2437,16.0,41,123.5,117.8,951,Thunderstorm,Flood,High,8.6,8,Warning,Alert Public
REC_2466,2024-01-20,2024,1,London,England,UK,51.5074,-0.1278,7.4,54,92.1,103.1,987,Thunderstorm,Cyclone,High,8.2,90,Warning,Alert Public
REC_2467,2024-05-13,2024,5,Paris,Ile-de-France,France,48.8566,2.3522,15.2,86,177.0,68.0,987,Clear,Landslide,Critical,5.2,26,Emergency,Evacuation Support
REC_2468,2024-05-12,2024,5,Cape Town,Western Cape,South Africa,-33.9249,18.4241,5.3,61,119.0,43.5,957,Thunderstorm,Landslide,High,2.8,65,Warning,Alert Public
REC_2469,2023-12-11,2023,12,Toronto,Ontario,Canada,43.651,-79.347,27.5,62,133.7,68.1,962,Fog,None,Low,4.1,16,Normal,No Action
REC_2470,2024-03-29,2024,3,Los Angeles,California,USA,34.0522,-118.2437,16.3,91,85.0,58.0,1033,Cloudy,Landslide,Critical,3.4,27,Emergency,Evacuation Support
REC_2471,2024-02-28,2024,2,Cairo,Cairo,Egypt,30.0444,31.2357,8.3,78,34.9,96.1,980,Thunderstorm,Storm,Critical,1.4,60,Emergency,Evacuation Support
REC_2472,2023-10-08,2023,10,Beijing,Beijing,China,39.9042,116.4074,4.9,38,61.6,22.8,1034,Fog,None,Low,9.9,51,Normal,No Action
REC_2473,2024-02-01,2024,2,Paris,Ile-de-France,France,48.8566,2.3522,-6.9,88,48.5,75.5,962,Clear,Heatwave,High,0.8,29,Warning,Alert Public
REC_2474,2023-10-25,2023,10,Dubai,Dubai,UAE,25.2048,55.2708,15.3,99,180.3,91.2,997,Rain,Storm,High,5.8,80,Warning,Alert Public
REC_2475,2023-01-23,2023,1,Beijing,Beijing,China,39.9042,116.4074,43.1,70,28.6,88.0,1049,Clear,Heatwave,Critical,2.7,61,Emergency,Evacuation Support
REC_2476,2024-02-07,2024,2,Paris,Ile-de-France,France,48.8566,2.3522,12.1,99,59.5,43.3,980,Rain,Storm,High,4.5,56,Warning,Alert Public
REC_2477,2024-09-24,2024,9,London,England,UK,51.5074,-0.1278,7.7,48,151.0,35.8,1019,Snow,None,Low,0.8,30,Normal,No Action
REC_2478,2024-06-30,2024,6,New York,New York,USA,40.7128,-74.006,28.0,56,74.2,7.9,1023,Thunderstorm,None,Low,9.1,41,Normal,No Action
REC_2479,2023-05-27,2023,5,Tokyo,Tokyo,Japan,35.6762,139.6503,9.1,19,35.9,109.1,951,Rain,Storm,High,9.5,78,Warning,Alert Public
REC_2480,2024-11-27,2024,11,Dubai,Dubai,UAE,25.2048,55.2708,4.9,26,13.2,28.2,971,Rain,None,Low,5.3,22,Normal,No Action
REC_2481,2023-07-19,2023,7,Mumbai,Maharashtra,India,19.076,72.8777,16.0,83,191.8,84.5,1047,Thunderstorm,Flood,Medium,9.0,29,Watch,Monitor
REC_2482,2024-11-07,2024,11,Los Angeles,California,USA,34.0522,-118.2437,41.2,43,100.4,64.6,1044,Rain,Landslide,Critical,3.1,88,Emergency,Evacuation Support
REC_2483,2024-11-30,2024,11,Moscow,Moscow,Russia,55.7558,37.6173,17.3,65,17.4,117.4,1002,Rain,Cyclone,Critical,4.0,6,Emergency,Evacuation Support
REC_2484,2023-02-18,2023,2,Dubai,Dubai,UAE,25.2048,55.2708,16.3,20,75.7,111.5,1028,Thunderstorm,Storm,High,8.4,79,Warning,Alert Public
REC_2485,2024-06-07,2024,6,Dubai,Dubai,UAE,25.2048,55.2708,43.0,83,181.8,1.2,993,Rain,Flood,High,8.3,77,Warning,Alert Public
REC_2486,2023-12-18,2023,12,Toronto,Ontario,Canada,43.651,-79.347,33.4,63,150.2,111.1,967,Thunderstorm,Storm,Critical,5.4,69,Emergency,Evacuation Support
REC_2487,2023-03-30,2023,3,New York,New York,USA,40.7128,-74.006,13.0,58,31.3,118.9,1010,Rain,Storm,High,8.7,74,Warning,Alert Public
REC_2488,2023-07-28,2023,7,Los Angeles,California,USA,34.0522,-118.2437,32.6,81,40.7,86.3,951,Thunderstorm,Cyclone,Medium,10.0,45,Watch,Monitor
REC_2489,2024-11-30,2024,11,Toronto,Ontario,Canada,43.651,-79.347,40.2,100,74.3,78.3,1013,Clear,Heatwave,Medium,9.6,68,Watch,Monitor
REC_2490,2024-02-15,2024,2,Mumbai,Maharashtra,India,19.076,72.8777,8.5,94,145.6,108.3,1033,Thunderstorm,Cyclone,Medium,6.9,6,Watch,Monitor
REC_2491,2024-08-07,2024,8,Los Angeles,California,USA,34.0522,-118.2437,11.0,13,80.6,50.1,961,Snow,None,Low,7.4,77,Normal,No Action
REC_2492,2023-04-01,2023,4,Singapore,Singapore,Singapore,1.3521,103.8198,8.3,75,25.5,51.4,953,Thunderstorm,None,Low,6.9,95,Normal,No Action
REC_2493,2023-12-19,2023,12,Sydney,NSW,Australia,-33.8688,151.2093,37.9,36,6.3,116.2,1012,Thunderstorm,Storm,Critical,6.7,24,Emergency,Evacuation Support
REC_2494,2024-03-05,2024,3,Dubai,Dubai,UAE,25.2048,55.2708,5.6,58,97.6,57.7,1041,Clear,None,Low,1.1,8,Normal,No Action
REC_2495,2023-10-10,2023,10,Sydney,NSW,Australia,-33.8688,151.2093,22.6,74,162.5,51.2,996,Thunderstorm,Flood,High,2.1,37,Warning,Alert Public
REC_2496,2024-01-11,2024,1,Toronto,Ontario,Canada,43.651,-79.347,-8.5,70,3.3,22.9,1035,Thunderstorm,None,Low,8.6,78,Normal,No Action
REC_2497,2023-01-18,2023,1,New York,New York,USA,40.7128,-74.006,37.8,100,171.3,64.8,994,Cloudy,None,Low,3.2,58,Normal,No Action
REC_2498,2024-09-01,2024,9,Mumbai,Maharashtra,India,19.076,72.8777,30.6,25,85.9,34.2,1011,Clear,Drought,Critical,5.1,57,Emergency,Evacuation Support
REC_2499,2023-09-22,2023,9,Los Angeles,California,USA,34.0522,-118.2437,-8.6,10,23.6,9.2,1022,Snow,None,Low,9.4,37,Normal,No Action
REC_2500,2024-05-24,2024,5,New York,New York,USA,40.7128,-74.006,35.1,75,173.0,72.4,965,Fog,None,Low,3.7,6,Normal,No Action
REC_2501,2023-10-20,2023,10,London,England,UK,51.5074,-0.1278,-8.2,34,107.8,2.8,966,Thunderstorm,Flood,Critical,10.0,51,Emergency,Evacuation Support
REC_2502,2023-03-12,2023,3,Sydney,NSW,Australia,-33.8688,151.2093,-1.4,95,182.0,59.0,972,Rain,Flood,High,8.8,77,Warning,Alert Public
REC_2503,2023-12-05,2023,12,Rio de Janeiro,Rio de Janeiro,Brazil,-22.9068,-43.1729,11.6,79,168.5,26.6,1033,Thunderstorm,Landslide,High,7.3,31,Warning,Alert Public
REC_2504,2024-06-27,2024,6,Mumbai,Maharashtra,India,19.076,72.8777,20.7,64,159.6,46.6,1048,Cloudy,None,Low,4.7,86,Normal,No Action
REC_2505,2024-09-28,2024,9,Dubai,Dubai,UAE,25.2048,55.2708,40.7,60,75.2,63.2,999,Clear,Landslide,Critical,3.1,91,Emergency,Evacuation Support
REC_2506,2024-01-13,2024,1,New York,New York,USA,40.7128,-74.006,25.9,13,155.1,8.8,966,Thunderstorm,None,Low,3.6,77,Normal,No Action
REC_2507,2024-07-26,2024,7,Mumbai,Maharashtra,India,19.076,72.8777,32.0,74,13.6,66.8,1039,Cloudy,None,Low,4.6,36,Normal,No Action
REC_2508,2024-03-27,2024,3,Toronto,Ontario,Canada,43.651,-79.347,36.5,69,7.3,34.9,979,Fog,None,Low,5.3,33,Normal,No Action
REC_2509,2024-04-27,2024,4,Los Angeles,California,USA,34.0522,-118.2437,37.0,55,198.5,56.5,979,Thunderstorm,None,Low,5.1,68,Normal,No Action
REC_2510,2024-10-07,2024,10,New York,New York,USA,40.7128,-74.006,-7.0,96,199.5,61.0,1016,Rain,None,Low,3.3,28,Normal,No Action
REC_2511,2024-02-28,2024,2,Los Angeles,California,USA,34.0522,-118.2437,15.5,53,151.5,78.7,992,Rain,None,Low,4.1,41,Normal,No Action
REC_2512,2024-03-06,2024,3,Singapore,Singapore,Singapore,1.3521,103.8198,12.5,28,22.3,66.7,1031,Clear,Heatwave,Critical,8.8,71,Emergency,Evacuation Support
REC_2513,2023-03-17,2023,3,New York,New York,USA,40.7128,-74.006,27.6,25,77.2,45.6,1004,Clear,None,Low,9.3,22,Normal,No Action
REC_2514,2023-05-21,2023,5,Tokyo,Tokyo,Japan,35.6762,139.6503,43.7,90,181.7,89.4,958,Clear,Heatwave,High,7.7,66,Warning,Alert Public
REC_2515,2023-01-09,2023,1,Sydney,NSW,Australia,-33.8688,151.2093,9.8,53,24.3,92.8,1032,Thunderstorm,Cyclone,Medium,8.8,15,Watch,Monitor
REC_2516,2023-05-24,2023,5,Mumbai,Maharashtra,India,19.076,72.8777,10.8,66,132.7,95.7,955,Thunderstorm,Storm,Critical,7.6,12,Emergency,Evacuation Support
REC_2517,2024-11-08,2024,11,Sydney,NSW,Australia,-33.8688,151.2093,40.3,41,144.3,7.0,1035,Clear,Heatwave,Medium,5.5,19,Watch,Monitor
REC_2518,2023-12-22,2023,12,Cape Town,Western Cape,South Africa,-33.9249,18.4241,35.4,63,102.0,62.6,1006,Clear,Heatwave,Medium,7.1,18,Watch,Monitor
REC_2519,2023-06-19,2023,6,Rio de Janeiro,Rio de Janeiro,Brazil,-22.9068,-43.1729,31.8,93,52.1,1.6,1040,Cloudy,None,Low,1.4,53,Normal,No Action
REC_2520,2023-01-28,2023,1,Mumbai,Maharashtra,India,19.076,72.8777,12.6,16,22.6,83.0,955,Rain,Cyclone,Critical,3.5,33,Emergency,Evacuation Support
REC_2521,2024-01-26,2024,1,Cairo,Cairo,Egypt,30.0444,31.2357,38.9,54,169.2,19.9,958,Clear,Drought,Medium,7.7,52,Watch,Monitor
REC_2522,2024-11-05,2024,11,Beijing,Beijing,China,39.9042,116.4074,-2.9,59,79.8,59.5,1037,Snow,Landslide,High,2.8,40,Warning,Alert Public
REC_2523,2023-03-30,2023,3,Los Angeles,California,USA,34.0522,-118.2437,-1.8,37,52.2,91.0,1023,Thunderstorm,Storm,Medium,7.6,90,Watch,Monitor
REC_2524,2023-11-24,2023,11,New York,New York,USA,40.7128,-74.006,8.6,69,127.1,56.7,1026,Fog,None,Low,2.3,89,Normal,No Action
REC_2525,2023-06-30,2023,6,Beijing,Beijing,China,39.9042,116.4074,8.2,29,175.2,73.8,972,Fog,Landslide,High,3.5,25,Warning,Alert Public
REC_2526,2023-02-27,2023,2,Rio de Janeiro,Rio de Janeiro,Brazil,-22.9068,-43.1729,13.1,92,154.0,27.1,1046,Snow,Landslide,Critical,2.7,71,Emergency,Evacuation Support
REC_2527,2023-08-11,2023,8,Moscow,Moscow,Russia,55.7558,37.6173,-1.2,90,26.3,2.1,1016,Clear,Drought,Critical,4.9,30,Emergency,Evacuation Support
REC_2528,2023-04-23,2023,4,Rio de Janeiro,Rio de Janeiro,Brazil,-22.9068,-43.1729,17.9,93,175.1,55.1,1046,Cloudy,None,Low,4.1,24,Normal,No Action
REC_2529,2024-05-11,2024,5,Singapore,Singapore,Singapore,1.3521,103.8198,32.0,39,17.3,105.3,1012,Thunderstorm,Cyclone,Critical,3.6,60,Emergency,Evacuation Support
REC_2530,2023-08-18,2023,8,Dubai,Dubai,UAE,25.2048,55.2708,35.2,81,134.6,110.8,1049,Rain,Flood,Medium,8.8,45,Watch,Monitor
REC_2531,2023-08-21,2023,8,Beijing,Beijing,China,39.9042,116.4074,27.9,89,70.4,119.3,980,Thunderstorm,Cyclone,Medium,6.1,19,Watch,Monitor
REC_2532,2024-06-15,2024,6,Los Angeles,California,USA,34.0522,-118.2437,29.7,35,88.3,104.8,986,Rain,Storm,High,9.2,53,Warning,Alert Public
REC_2533,2024-09-09,2024,9,Beijing,Beijing,China,39.9042,116.4074,38.1,64,77.3,26.0,994,Clear,Heatwave,Critical,1.6,53,Emergency,Evacuation Support
REC_2534,2024-09-12,2024,9,Los Angeles,California,USA,34.0522,-118.2437,32.7,65,166.3,71.5,1028,Thunderstorm,None,Low,8.0,90,Normal,No Action
REC_2535,2024-09-01,2024,9,Toronto,Ontario,Canada,43.651,-79.347,14.2,59,22.2,35.6,957,Thunderstorm,Cyclone,Medium,4.9,14,Watch,Monitor
REC_2536,2024-03-12,2024,3,Beijing,Beijing,China,39.9042,116.4074,32.1,13,143.4,13.3,1020,Thunderstorm,Flood,High,8.8,60,Warning,Alert Public
REC_2537,2024-01-06,2024,1,New York,New York,USA,40.7128,-74.006,3.1,41,122.9,34.6,1026,Rain,Landslide,High,1.5,61,Warning,Alert Public
REC_2538,2024-05-28,2024,5,Tokyo,Tokyo,Japan,35.6762,139.6503,-2.1,93,2.3,10.0,1008,Rain,Flood,Medium,8.8,7,Watch,Monitor
REC_2539,2023-10-16,2023,10,Toronto,Ontario,Canada,43.651,-79.347,5.3,60,55.0,39.8,970,Rain,Flood,Medium,6.8,90,Watch,Monitor
REC_2540,2023-12-06,2023,12,Tokyo,Tokyo,Japan,35.6762,139.6503,11.0,37,157.5,18.2,951,Clear,None,Low,4.7,31,Normal,No Action
REC_2541,2023-05-10,2023,5,Dubai,Dubai,UAE,25.2048,55.2708,36.9,84,143.7,51.0,1022,Clear,Drought,High,1.2,91,Warning,Alert Public
REC_2542,2023-12-08,2023,12,Singapore,Singapore,Singapore,1.3521,103.8198,41.5,61,23.7,89.6,997,Clear,Heatwave,Critical,4.8,6,Emergency,Evacuation Support
REC_2543,2023-03-31,2023,3,London,England,UK,51.5074,-0.1278,13.9,64,46.8,47.3,978,Thunderstorm,None,Low,6.5,22,Normal,No Action
REC_2544,2024-07-08,2024,7,Singapore,Singapore,Singapore,1.3521,103.8198,42.2,14,39.4,33.2,1004,Cloudy,None,Low,8.4,21,Normal,No Action
REC_2545,2024-02-13,2024,2,Los Angeles,California,USA,34.0522,-118.2437,19.8,66,172.1,72.0,1024,Fog,Landslide,High,5.4,35,Warning,Alert Public
REC_2546,2024-08-21,2024,8,London,England,UK,51.5074,-0.1278,4.9,82,23.1,8.8,994,Thunderstorm,Storm,High,4.7,57,Warning,Alert Public
REC_2547,2023-06-16,2023,6,London,England,UK,51.5074,-0.1278,20.2,25,64.4,6.4,978,Cloudy,None,Low,1.1,61,Normal,No Action
REC_2548,2023-04-10,2023,4,Tokyo,Tokyo,Japan,35.6762,139.6503,6.6,44,194.2,100.6,969,Thunderstorm,Flood,Medium,8.9,86,Watch,Monitor
REC_2549,2023-08-21,2023,8,New York,New York,USA,40.7128,-74.006,15.0,85,198.0,116.6,989,Rain,Flood,Medium,8.8,59,Watch,Monitor
